id,user_id,timestamp,category_id,description,amount,payment_method_id,notes,type,created_at,updated_at
a0125657-3d40-46d8-90f9-338de2495955,86208cab-0dfe-42b4-8792-9b84fc6eefcb,2024-11-17 20:02:30+00,98bbb266-5a66-43bc-8d75-980717561602,choconut tea + banana cake,37.00,da53de04-c188-4fe8-a596-9adf5b8851b8,null,Need,2025-04-07 09:08:33.013547+00,2025-04-09 14:18:14.644454+00
89f8262a-3a0a-47ba-8336-349a08bbce53,86208cab-0dfe-42b4-8792-9b84fc6eefcb,2024-11-17 20:10:40+00,422a34ca-3f47-4773-a959-474f6ff6ac39,Crunchy Corn,20.00,da53de04-c188-4fe8-a596-9adf5b8851b8,null,Want,2025-04-07 09:08:33.013547+00,2025-04-09 14:18:14.644454+00
0009c729-9324-4aee-85f7-d33d4393f206,86208cab-0dfe-42b4-8792-9b84fc6eefcb,2024-11-29 09:35:22+00,422a34ca-3f47-4773-a959-474f6ff6ac39,Canteen Puffcorn + limca,40.00,da53de04-c188-4fe8-a596-9adf5b8851b8,null,Want,2025-04-07 09:08:33.013547+00,2025-04-09 14:17:37.352047+00
17c43080-6af3-461b-8bb9-4df3e91c06f4,86208cab-0dfe-42b4-8792-9b84fc6eefcb,2024-11-17 23:55:29+00,422a34ca-3f47-4773-a959-474f6ff6ac39,canteen lays + limca,40.00,da53de04-c188-4fe8-a596-9adf5b8851b8,null,Want,2025-04-07 09:08:33.013547+00,2025-04-09 14:18:14.644454+00
a93a2283-97ca-4126-a663-25b1e8a1828b,86208cab-0dfe-42b4-8792-9b84fc6eefcb,2024-11-18 12:31:38+00,422a34ca-3f47-4773-a959-474f6ff6ac39,"California Burrito ",343.00,1463fe0c-5d09-4fc3-add5-89f6569941fe,null,Want,2025-04-07 09:08:33.013547+00,2025-04-09 14:18:14.644454+00
10a7dd97-0b46-40be-8ccf-0d256997bde0,86208cab-0dfe-42b4-8792-9b84fc6eefcb,2024-11-18 16:19:24+00,d6c132fc-24cc-4998-9fc4-15ac64250f85,"Hair Consulatation + Anti Dandruff Shampoo ",1150.00,ea50a20f-df54-4a5f-a578-38cfed563a98,null,Need,2025-04-07 09:08:33.013547+00,2025-04-09 14:18:14.644454+00
ab49b037-f35d-40ee-a5aa-dc55444ebb77,86208cab-0dfe-42b4-8792-9b84fc6eefcb,2024-11-19 09:49:58+00,59eb7b23-1196-42da-9a24-70d0eccdd94a,Tried to add to zepto wallet but can't use (orbit+coffee),206.00,da53de04-c188-4fe8-a596-9adf5b8851b8,null,Want,2025-04-07 09:08:33.013547+00,2025-04-09 14:18:14.644454+00
ffa159f4-c0ea-4e7d-a364-3eb0c20b57f8,86208cab-0dfe-42b4-8792-9b84fc6eefcb,2024-11-19 09:50:19+00,422a34ca-3f47-4773-a959-474f6ff6ac39,Punjabi,218.00,da53de04-c188-4fe8-a596-9adf5b8851b8,null,Want,2025-04-07 09:08:33.013547+00,2025-04-09 14:18:14.644454+00
24a97d6f-8262-4c9c-8d68-0e0ae01d6c31,86208cab-0dfe-42b4-8792-9b84fc6eefcb,2024-11-19 09:50:45+00,98bbb266-5a66-43bc-8d75-980717561602,Choconut,12.00,da53de04-c188-4fe8-a596-9adf5b8851b8,null,Want,2025-04-07 09:08:33.013547+00,2025-04-09 14:18:14.644454+00
040e69a9-db2f-4250-9bbd-71845ac4a725,86208cab-0dfe-42b4-8792-9b84fc6eefcb,2024-11-19 09:51:33+00,422a34ca-3f47-4773-a959-474f6ff6ac39,ice cream,20.00,da53de04-c188-4fe8-a596-9adf5b8851b8,null,Want,2025-04-07 09:08:33.013547+00,2025-04-09 14:18:14.644454+00
e297beba-bb81-4052-95cb-477aac4f1e4b,86208cab-0dfe-42b4-8792-9b84fc6eefcb,2024-11-19 12:46:21+00,59eb7b23-1196-42da-9a24-70d0eccdd94a,coffee plus orbit,220.00,da53de04-c188-4fe8-a596-9adf5b8851b8,null,Need,2025-04-07 09:08:33.013547+00,2025-04-09 14:18:14.644454+00
12bb8c9d-61ca-47a6-b263-c317b5925756,86208cab-0dfe-42b4-8792-9b84fc6eefcb,2024-11-19 16:49:24+00,59eb7b23-1196-42da-9a24-70d0eccdd94a,Cinthol soap x 4,145.00,da53de04-c188-4fe8-a596-9adf5b8851b8,null,Need,2025-04-07 09:08:33.013547+00,2025-04-09 14:18:14.644454+00
0e556c71-b60a-4a61-9634-d3b37b698671,86208cab-0dfe-42b4-8792-9b84fc6eefcb,2024-11-19 20:16:54+00,98bbb266-5a66-43bc-8d75-980717561602,"choconut ",12.00,da53de04-c188-4fe8-a596-9adf5b8851b8,null,Need,2025-04-07 09:08:33.013547+00,2025-04-09 14:18:14.644454+00
b6b533b3-d8d2-4e02-91a2-d4bc135e3619,86208cab-0dfe-42b4-8792-9b84fc6eefcb,2024-11-20 09:05:36+00,ebd258f3-1dee-4a5e-b97a-aa1493389a27,Eggs,180.00,da53de04-c188-4fe8-a596-9adf5b8851b8,null,Need,2025-04-07 09:08:33.013547+00,2025-04-09 14:18:14.644454+00
e34f4b33-bd68-4757-aacd-c1baa354f639,86208cab-0dfe-42b4-8792-9b84fc6eefcb,2024-11-20 20:47:37+00,98bbb266-5a66-43bc-8d75-980717561602,tea+ biscuit choconut,15.00,da53de04-c188-4fe8-a596-9adf5b8851b8,null,Need,2025-04-07 09:08:33.013547+00,2025-04-09 14:18:14.644454+00
8c595349-36f9-45d9-a6c5-01491dc52e47,86208cab-0dfe-42b4-8792-9b84fc6eefcb,2024-11-21 11:56:19+00,422a34ca-3f47-4773-a959-474f6ff6ac39,Behrouz Biryani,307.00,1463fe0c-5d09-4fc3-add5-89f6569941fe,null,Want,2025-04-07 09:08:33.013547+00,2025-04-09 14:18:14.644454+00
7e88a9f5-f7ee-4933-b623-7ac7deddea5b,86208cab-0dfe-42b4-8792-9b84fc6eefcb,2024-11-22 10:36:07+00,98bbb266-5a66-43bc-8d75-980717561602,"Choconut ",12.00,da53de04-c188-4fe8-a596-9adf5b8851b8,null,Need,2025-04-07 09:08:33.013547+00,2025-04-09 14:18:14.644454+00
c2a33ae3-3c8c-4499-a7eb-d274f104a3e4,86208cab-0dfe-42b4-8792-9b84fc6eefcb,2024-11-22 10:36:29+00,422a34ca-3f47-4773-a959-474f6ff6ac39,"Canteen Icecream ",30.00,da53de04-c188-4fe8-a596-9adf5b8851b8,null,Want,2025-04-07 09:08:33.013547+00,2025-04-09 14:18:14.644454+00
7a54a574-8c99-4fc6-bc83-2c0bb81a3ebc,86208cab-0dfe-42b4-8792-9b84fc6eefcb,2024-11-22 19:56:51+00,98bbb266-5a66-43bc-8d75-980717561602,"Choconut ",12.00,da53de04-c188-4fe8-a596-9adf5b8851b8,null,Need,2025-04-07 09:08:33.013547+00,2025-04-09 14:18:14.644454+00
3fb197b3-194b-40b3-bb64-557a7300a0fd,86208cab-0dfe-42b4-8792-9b84fc6eefcb,2024-11-22 21:38:20+00,449d16aa-8e02-4563-b7af-f5f63d946696,"Orange ",69.00,da53de04-c188-4fe8-a596-9adf5b8851b8,null,Need,2025-04-07 09:08:33.013547+00,2025-04-09 14:18:14.644454+00
03d68a8a-0f09-40e3-a463-0d21ced2f395,86208cab-0dfe-42b4-8792-9b84fc6eefcb,2024-11-23 20:43:40+00,d6c132fc-24cc-4998-9fc4-15ac64250f85,Minoxidil,300.00,da53de04-c188-4fe8-a596-9adf5b8851b8,null,Need,2025-04-07 09:08:33.013547+00,2025-04-09 14:18:14.644454+00
aecee0e2-faa5-46ea-b160-6124db903a63,86208cab-0dfe-42b4-8792-9b84fc6eefcb,2024-11-24 14:47:15+00,98bbb266-5a66-43bc-8d75-980717561602,coffee cove,12.00,da53de04-c188-4fe8-a596-9adf5b8851b8,null,Want,2025-04-07 09:08:33.013547+00,2025-04-09 14:18:14.644454+00
247d2de7-7d3c-416c-8740-f5cc7250dece,86208cab-0dfe-42b4-8792-9b84fc6eefcb,2024-11-25 00:06:06+00,98bbb266-5a66-43bc-8d75-980717561602,"Choconut ",12.00,da53de04-c188-4fe8-a596-9adf5b8851b8,null,Need,2025-04-07 09:08:33.013547+00,2025-04-09 14:18:14.644454+00
ad731154-feb8-49c9-b68d-48d3bc8230ef,86208cab-0dfe-42b4-8792-9b84fc6eefcb,2024-11-25 12:04:38+00,422a34ca-3f47-4773-a959-474f6ff6ac39,"truffles ",473.00,1463fe0c-5d09-4fc3-add5-89f6569941fe,null,Want,2025-04-07 09:08:33.013547+00,2025-04-09 14:18:14.644454+00
c698188b-0c87-4bff-8160-f2d02c435c3c,86208cab-0dfe-42b4-8792-9b84fc6eefcb,2024-11-25 21:49:45+00,98bbb266-5a66-43bc-8d75-980717561602,"choconut ",12.00,da53de04-c188-4fe8-a596-9adf5b8851b8,null,Need,2025-04-07 09:08:33.013547+00,2025-04-09 14:18:14.644454+00
2c32d402-bbd5-456e-afc3-55172106b533,86208cab-0dfe-42b4-8792-9b84fc6eefcb,2024-11-25 23:13:49+00,422a34ca-3f47-4773-a959-474f6ff6ac39,Pizza hut,155.00,da53de04-c188-4fe8-a596-9adf5b8851b8,null,Want,2025-04-07 09:08:33.013547+00,2025-04-09 14:18:14.644454+00
55c202a1-3306-4f7e-8ed9-aedd6714c9fd,86208cab-0dfe-42b4-8792-9b84fc6eefcb,2024-11-25 23:14:21+00,449d16aa-8e02-4563-b7af-f5f63d946696,"orange ",44.00,da53de04-c188-4fe8-a596-9adf5b8851b8,null,Need,2025-04-07 09:08:33.013547+00,2025-04-09 14:18:14.644454+00
8d013593-eff1-4243-ae2a-738dfbb44f2f,86208cab-0dfe-42b4-8792-9b84fc6eefcb,2024-11-26 12:24:36+00,422a34ca-3f47-4773-a959-474f6ff6ac39,"chole bhature ",70.00,da53de04-c188-4fe8-a596-9adf5b8851b8,null,Want,2025-04-07 09:08:33.013547+00,2025-04-09 14:18:14.644454+00
8d2327d6-c41f-432b-91c4-ea18167b4550,86208cab-0dfe-42b4-8792-9b84fc6eefcb,2024-11-26 12:27:41+00,449d16aa-8e02-4563-b7af-f5f63d946696,S23 FE Cover,275.00,da53de04-c188-4fe8-a596-9adf5b8851b8,null,Need,2025-04-07 09:08:33.013547+00,2025-04-09 14:18:14.644454+00
022260fe-7e52-436d-9ce1-5cdbded33fc4,86208cab-0dfe-42b4-8792-9b84fc6eefcb,2024-11-26 13:31:53+00,449d16aa-8e02-4563-b7af-f5f63d946696,Screen Gaurd,250.00,da53de04-c188-4fe8-a596-9adf5b8851b8,null,Need,2025-04-07 09:08:33.013547+00,2025-04-09 14:18:14.644454+00
2146b1b6-5c88-44d6-a9f9-6f7cd59b51af,86208cab-0dfe-42b4-8792-9b84fc6eefcb,2024-11-26 22:12:28+00,422a34ca-3f47-4773-a959-474f6ff6ac39,Pizza Canteen,40.00,da53de04-c188-4fe8-a596-9adf5b8851b8,null,Want,2025-04-07 09:08:33.013547+00,2025-04-09 14:18:14.644454+00
8908d907-2758-43f2-9766-8a38ce6e591f,86208cab-0dfe-42b4-8792-9b84fc6eefcb,2024-11-26 22:40:36+00,422a34ca-3f47-4773-a959-474f6ff6ac39,Coke + Puffcorn,40.00,da53de04-c188-4fe8-a596-9adf5b8851b8,null,Want,2025-04-07 09:08:33.013547+00,2025-04-09 14:18:14.644454+00
5f42492f-124a-4695-8aa1-c389cea57669,86208cab-0dfe-42b4-8792-9b84fc6eefcb,2024-11-28 01:53:00+00,422a34ca-3f47-4773-a959-474f6ff6ac39,Punjabi,180.00,da53de04-c188-4fe8-a596-9adf5b8851b8,null,Want,2025-04-07 09:08:33.013547+00,2025-04-09 14:18:14.644454+00
c4bb7d6a-101e-4f5e-b7b7-880b4c3177ab,86208cab-0dfe-42b4-8792-9b84fc6eefcb,2024-11-28 01:53:34+00,98bbb266-5a66-43bc-8d75-980717561602,Choconut,15.00,da53de04-c188-4fe8-a596-9adf5b8851b8,null,Need,2025-04-07 09:08:33.013547+00,2025-04-09 14:18:14.644454+00
ba66ac60-5166-4dab-a5ff-165530c7e0f7,86208cab-0dfe-42b4-8792-9b84fc6eefcb,2024-11-28 01:53:55+00,422a34ca-3f47-4773-a959-474f6ff6ac39,Ice Cream,20.00,da53de04-c188-4fe8-a596-9adf5b8851b8,null,Want,2025-04-07 09:08:33.013547+00,2025-04-09 14:18:14.644454+00
7883f2be-81b6-4a98-9573-6ef590c72f15,86208cab-0dfe-42b4-8792-9b84fc6eefcb,2024-11-28 18:22:18+00,422a34ca-3f47-4773-a959-474f6ff6ac39,"California Burrito ",326.00,da53de04-c188-4fe8-a596-9adf5b8851b8,null,Need,2025-04-07 09:08:33.013547+00,2025-04-09 14:18:14.644454+00
d35d75f4-ba3b-4e60-b2cc-0db696934c88,86208cab-0dfe-42b4-8792-9b84fc6eefcb,2024-11-28 21:10:14+00,449d16aa-8e02-4563-b7af-f5f63d946696,Tissue,0.00,da53de04-c188-4fe8-a596-9adf5b8851b8,null,Need,2025-04-07 09:08:33.013547+00,2025-04-09 14:18:14.644454+00
e89d2b1f-f4e4-46d4-bdb7-eac0cac1a506,86208cab-0dfe-42b4-8792-9b84fc6eefcb,2024-11-28 21:10:29+00,54b0e977-bc0a-428b-9543-89fef67e45d7,"Jio new number ",299.00,1305616a-146f-46dc-993a-4c4c185bebf4,null,Need,2025-04-07 09:08:33.013547+00,2025-04-09 14:18:14.644454+00
cb7b713a-29ae-4319-98e4-d4e2a69e9bf3,86208cab-0dfe-42b4-8792-9b84fc6eefcb,2024-11-29 10:48:20+00,59eb7b23-1196-42da-9a24-70d0eccdd94a,Orbit,52.00,da53de04-c188-4fe8-a596-9adf5b8851b8,null,Need,2025-04-07 09:08:33.013547+00,2025-04-09 14:18:14.644454+00
9f4b340d-0492-42b4-acfe-7e5b3cd95619,86208cab-0dfe-42b4-8792-9b84fc6eefcb,2024-11-29 11:55:36+00,422a34ca-3f47-4773-a959-474f6ff6ac39,"California Burrito ",271.00,1305616a-146f-46dc-993a-4c4c185bebf4,null,Want,2025-04-07 09:08:33.013547+00,2025-04-09 14:18:14.644454+00
f5525fc4-da6d-4d48-a5bf-41342cd7df4d,86208cab-0dfe-42b4-8792-9b84fc6eefcb,2024-11-29 22:04:29+00,422a34ca-3f47-4773-a959-474f6ff6ac39,"maggi 12 packet ",113.00,da53de04-c188-4fe8-a596-9adf5b8851b8,null,Need,2025-04-07 09:08:33.013547+00,2025-04-09 14:18:14.644454+00
98dbd300-6e9f-45df-ae4a-7f45504e3a63,86208cab-0dfe-42b4-8792-9b84fc6eefcb,2024-11-30 12:46:21+00,422a34ca-3f47-4773-a959-474f6ff6ac39,6 month swiggy one and zomato gold,30.00,da53de04-c188-4fe8-a596-9adf5b8851b8,null,Want,2025-04-07 09:08:33.013547+00,2025-04-09 14:18:14.644454+00
daa01b29-1000-464c-a40f-1fe267f78dee,86208cab-0dfe-42b4-8792-9b84fc6eefcb,2024-11-30 16:52:06+00,422a34ca-3f47-4773-a959-474f6ff6ac39,Puffcorn,20.00,da53de04-c188-4fe8-a596-9adf5b8851b8,null,Want,2025-04-07 09:08:33.013547+00,2025-04-09 14:18:14.644454+00
9aea2f33-d82a-4c88-8311-e1b6f179dfec,86208cab-0dfe-42b4-8792-9b84fc6eefcb,2024-11-30 22:26:29+00,422a34ca-3f47-4773-a959-474f6ff6ac39,"hyderabadi ",225.00,da53de04-c188-4fe8-a596-9adf5b8851b8,null,Want,2025-04-07 09:08:33.013547+00,2025-04-09 14:18:14.644454+00
4d534ba0-0b8a-4018-a36a-448fb3b0d5f6,86208cab-0dfe-42b4-8792-9b84fc6eefcb,2024-11-30 22:26:50+00,422a34ca-3f47-4773-a959-474f6ff6ac39,"ice cream ",30.00,da53de04-c188-4fe8-a596-9adf5b8851b8,null,Want,2025-04-07 09:08:33.013547+00,2025-04-09 14:18:14.644454+00
6967423d-2e80-4aff-b8f2-dff466964592,86208cab-0dfe-42b4-8792-9b84fc6eefcb,2024-11-30 22:27:07+00,98bbb266-5a66-43bc-8d75-980717561602,choco nut,12.00,da53de04-c188-4fe8-a596-9adf5b8851b8,null,Need,2025-04-07 09:08:33.013547+00,2025-04-09 14:18:14.644454+00
55b86afb-bb3c-4f2d-82db-fcf676f988c9,86208cab-0dfe-42b4-8792-9b84fc6eefcb,2024-12-01 11:55:26+00,422a34ca-3f47-4773-a959-474f6ff6ac39,California Burrito,198.00,da53de04-c188-4fe8-a596-9adf5b8851b8,null,Want,2025-04-07 09:08:33.013547+00,2025-04-09 14:18:14.644454+00
ad7dba03-b379-457d-99ed-15014ef86580,86208cab-0dfe-42b4-8792-9b84fc6eefcb,2024-12-01 21:28:18+00,98bbb266-5a66-43bc-8d75-980717561602,Choconut,12.00,da53de04-c188-4fe8-a596-9adf5b8851b8,null,Need,2025-04-07 09:08:33.013547+00,2025-04-09 14:18:14.644454+00
2cc9cc99-2591-4382-9501-88613054b257,86208cab-0dfe-42b4-8792-9b84fc6eefcb,2024-12-01 22:03:48+00,59eb7b23-1196-42da-9a24-70d0eccdd94a,instamart grocery,164.00,1463fe0c-5d09-4fc3-add5-89f6569941fe,null,Need,2025-04-07 09:08:33.013547+00,2025-04-09 14:18:14.644454+00
009eb00f-282e-45a3-98ec-a497d68a3c58,86208cab-0dfe-42b4-8792-9b84fc6eefcb,2024-12-03 08:46:17+00,422a34ca-3f47-4773-a959-474f6ff6ac39,Behrouz Biryani,307.00,1463fe0c-5d09-4fc3-add5-89f6569941fe,null,Want,2025-04-07 09:08:33.013547+00,2025-04-09 14:18:14.644454+00
d2711069-3f4e-44cf-bcfa-605ac64344c2,86208cab-0dfe-42b4-8792-9b84fc6eefcb,2024-12-03 08:46:34+00,98bbb266-5a66-43bc-8d75-980717561602,"Choconut ",24.00,da53de04-c188-4fe8-a596-9adf5b8851b8,null,Need,2025-04-07 09:08:33.013547+00,2025-04-09 14:18:14.644454+00
59dd8064-e474-420f-93a2-70ffa376b1f5,86208cab-0dfe-42b4-8792-9b84fc6eefcb,2024-12-03 19:58:46+00,422a34ca-3f47-4773-a959-474f6ff6ac39,"Munch ",30.00,da53de04-c188-4fe8-a596-9adf5b8851b8,null,Want,2025-04-07 09:08:33.013547+00,2025-04-09 14:18:14.644454+00
c91a8bba-b342-40e8-9ff8-3fdbe109e92b,86208cab-0dfe-42b4-8792-9b84fc6eefcb,2024-12-03 20:35:59+00,98bbb266-5a66-43bc-8d75-980717561602,"choconut ",24.00,da53de04-c188-4fe8-a596-9adf5b8851b8,null,Need,2025-04-07 09:08:33.013547+00,2025-04-09 14:18:14.644454+00
d6cb63b5-6f51-4746-b137-1503c14182b5,86208cab-0dfe-42b4-8792-9b84fc6eefcb,2024-12-04 07:51:38+00,59eb7b23-1196-42da-9a24-70d0eccdd94a,orbit x 2,114.00,da53de04-c188-4fe8-a596-9adf5b8851b8,null,Need,2025-04-07 09:08:33.013547+00,2025-04-09 14:18:14.644454+00
445381a8-efb7-4246-b2e6-86ac57b11348,86208cab-0dfe-42b4-8792-9b84fc6eefcb,2024-12-04 20:42:34+00,449d16aa-8e02-4563-b7af-f5f63d946696,Laptop RAM installation,300.00,da53de04-c188-4fe8-a596-9adf5b8851b8,null,Need,2025-04-07 09:08:33.013547+00,2025-04-09 14:18:14.644454+00
d1d056d6-eb3d-4665-b70e-37eda0e228a9,86208cab-0dfe-42b4-8792-9b84fc6eefcb,2024-12-04 20:43:30+00,422a34ca-3f47-4773-a959-474f6ff6ac39,"Hyderabadi ",230.00,da53de04-c188-4fe8-a596-9adf5b8851b8,null,Want,2025-04-07 09:08:33.013547+00,2025-04-09 14:18:14.644454+00
cf4e3170-dfbd-4506-af29-789605a41439,86208cab-0dfe-42b4-8792-9b84fc6eefcb,2024-12-04 20:43:48+00,e16337a1-9a21-4931-8947-afb4bfad443c,Petrol,100.00,ea50a20f-df54-4a5f-a578-38cfed563a98,null,Need,2025-04-07 09:08:33.013547+00,2025-04-09 14:18:14.644454+00
5a694813-05ea-42cc-ac47-adc0ab8da8d3,86208cab-0dfe-42b4-8792-9b84fc6eefcb,2024-12-04 20:44:09+00,e16337a1-9a21-4931-8947-afb4bfad443c,Hair Cut,120.00,da53de04-c188-4fe8-a596-9adf5b8851b8,null,Need,2025-04-07 09:08:33.013547+00,2025-04-09 14:18:14.644454+00
7cd926c4-28c3-4633-a49c-e5a963e50eb9,86208cab-0dfe-42b4-8792-9b84fc6eefcb,2024-12-04 20:45:33+00,ebd258f3-1dee-4a5e-b97a-aa1493389a27,Egg,180.00,da53de04-c188-4fe8-a596-9adf5b8851b8,null,Need,2025-04-07 09:08:33.013547+00,2025-04-09 14:18:14.644454+00
c365e1c1-552f-449d-ba14-c12d009207d3,86208cab-0dfe-42b4-8792-9b84fc6eefcb,2024-12-05 20:38:58+00,98bbb266-5a66-43bc-8d75-980717561602,"choconut ",12.00,da53de04-c188-4fe8-a596-9adf5b8851b8,null,Need,2025-04-07 09:08:33.013547+00,2025-04-09 14:18:14.644454+00
4af0ff94-c34d-4eb1-a162-0397d6770826,86208cab-0dfe-42b4-8792-9b84fc6eefcb,2024-12-06 23:00:28+00,98bbb266-5a66-43bc-8d75-980717561602,"Choconut ",42.00,da53de04-c188-4fe8-a596-9adf5b8851b8,null,Need,2025-04-07 09:08:33.013547+00,2025-04-09 14:18:14.644454+00
76f74423-9060-4ac6-9236-838c327f956a,86208cab-0dfe-42b4-8792-9b84fc6eefcb,2024-12-06 23:01:09+00,98bbb266-5a66-43bc-8d75-980717561602,Coffee Cove,12.00,da53de04-c188-4fe8-a596-9adf5b8851b8,null,Want,2025-04-07 09:08:33.013547+00,2025-04-09 14:18:14.644454+00
03ea79c9-9499-4e5c-ad8a-c8f140f76d17,86208cab-0dfe-42b4-8792-9b84fc6eefcb,2024-12-06 23:01:50+00,422a34ca-3f47-4773-a959-474f6ff6ac39,Ice Cream,20.00,da53de04-c188-4fe8-a596-9adf5b8851b8,null,Want,2025-04-07 09:08:33.013547+00,2025-04-09 14:18:14.644454+00
7fb4a281-2113-4f28-aed4-68e7bac94b2b,86208cab-0dfe-42b4-8792-9b84fc6eefcb,2024-12-07 19:30:10+00,98bbb266-5a66-43bc-8d75-980717561602,"Choconut ",12.00,da53de04-c188-4fe8-a596-9adf5b8851b8,null,Need,2025-04-07 09:08:33.013547+00,2025-04-09 14:18:14.644454+00
2dddd405-8f66-4486-bd62-c13e73babfef,86208cab-0dfe-42b4-8792-9b84fc6eefcb,2024-12-07 19:30:31+00,422a34ca-3f47-4773-a959-474f6ff6ac39,NH1,138.00,1463fe0c-5d09-4fc3-add5-89f6569941fe,null,Want,2025-04-07 09:08:33.013547+00,2025-04-09 14:18:14.644454+00
dc3a254c-876c-4d14-b41c-0d8bfe922251,86208cab-0dfe-42b4-8792-9b84fc6eefcb,2024-12-09 13:38:40+00,98bbb266-5a66-43bc-8d75-980717561602,"choconut ",52.00,da53de04-c188-4fe8-a596-9adf5b8851b8,null,Need,2025-04-07 09:08:33.013547+00,2025-04-09 14:18:14.644454+00
0473b6e4-6fac-4000-b4bb-ea05618f6ec8,86208cab-0dfe-42b4-8792-9b84fc6eefcb,2024-12-09 13:38:59+00,422a34ca-3f47-4773-a959-474f6ff6ac39,Canteen,50.00,da53de04-c188-4fe8-a596-9adf5b8851b8,null,Want,2025-04-07 09:08:33.013547+00,2025-04-09 14:18:14.644454+00
0f1fe53b-e848-47af-9b25-3e6f58de0d49,86208cab-0dfe-42b4-8792-9b84fc6eefcb,2024-12-09 13:39:15+00,ebd258f3-1dee-4a5e-b97a-aa1493389a27,eggs,180.00,da53de04-c188-4fe8-a596-9adf5b8851b8,null,Need,2025-04-07 09:08:33.013547+00,2025-04-09 14:18:14.644454+00
c1295ea0-d0f7-4306-9259-17c786a1af86,86208cab-0dfe-42b4-8792-9b84fc6eefcb,2024-12-10 16:37:02+00,59eb7b23-1196-42da-9a24-70d0eccdd94a,"Maggi, chilli flakes and sauce, orbit",329.00,da53de04-c188-4fe8-a596-9adf5b8851b8,null,Need,2025-04-07 09:08:33.013547+00,2025-04-09 14:18:14.644454+00
b424188a-4742-4ca6-a811-2945be7a0863,86208cab-0dfe-42b4-8792-9b84fc6eefcb,2024-12-11 12:37:47+00,422a34ca-3f47-4773-a959-474f6ff6ac39,Truffles Chicken Popcorn,166.00,da53de04-c188-4fe8-a596-9adf5b8851b8,null,Want,2025-04-07 09:08:33.013547+00,2025-04-09 14:18:14.644454+00
98fc2fec-718a-4bc4-b220-2ac312504dfd,86208cab-0dfe-42b4-8792-9b84fc6eefcb,2024-12-11 20:41:26+00,98bbb266-5a66-43bc-8d75-980717561602,"choconut ",30.00,da53de04-c188-4fe8-a596-9adf5b8851b8,null,Need,2025-04-07 09:08:33.013547+00,2025-04-09 14:18:14.644454+00
3d447a43-0dd2-4544-8c1d-a518793656f1,86208cab-0dfe-42b4-8792-9b84fc6eefcb,2024-12-12 11:44:28+00,ebd258f3-1dee-4a5e-b97a-aa1493389a27,eggs,165.00,da53de04-c188-4fe8-a596-9adf5b8851b8,null,Need,2025-04-07 09:08:33.013547+00,2025-04-09 14:18:14.644454+00
f32d106d-cd38-4544-a401-4db9b995d034,86208cab-0dfe-42b4-8792-9b84fc6eefcb,2024-12-13 12:49:34+00,422a34ca-3f47-4773-a959-474f6ff6ac39,Taco Bell,319.00,1463fe0c-5d09-4fc3-add5-89f6569941fe,null,Want,2025-04-07 09:08:33.013547+00,2025-04-09 14:18:14.644454+00
2a3132a6-1037-4863-96a4-a3edd691b478,86208cab-0dfe-42b4-8792-9b84fc6eefcb,2024-12-14 11:15:08+00,59eb7b23-1196-42da-9a24-70d0eccdd94a,Good Day 1Kg,120.00,da53de04-c188-4fe8-a596-9adf5b8851b8,null,Need,2025-04-07 09:08:33.013547+00,2025-04-09 14:18:14.644454+00
11d8c578-ff22-4488-9318-ce31bc05a62c,86208cab-0dfe-42b4-8792-9b84fc6eefcb,2024-12-14 11:47:59+00,422a34ca-3f47-4773-a959-474f6ff6ac39,Zepto Chole Kulche,50.00,da53de04-c188-4fe8-a596-9adf5b8851b8,null,Want,2025-04-07 09:08:33.013547+00,2025-04-09 14:18:14.644454+00
44ca34bb-8523-4769-ac44-7c8e4ff58164,86208cab-0dfe-42b4-8792-9b84fc6eefcb,2024-12-15 13:12:28+00,422a34ca-3f47-4773-a959-474f6ff6ac39,"California Burrito ",243.00,1463fe0c-5d09-4fc3-add5-89f6569941fe,null,Want,2025-04-07 09:08:33.013547+00,2025-04-09 14:18:14.644454+00
10dd45cb-8d4d-4179-9277-8e1d2a4dfe62,86208cab-0dfe-42b4-8792-9b84fc6eefcb,2024-12-15 22:07:41+00,422a34ca-3f47-4773-a959-474f6ff6ac39,"Canteen ",32.00,da53de04-c188-4fe8-a596-9adf5b8851b8,null,Want,2025-04-07 09:08:33.013547+00,2025-04-09 14:18:14.644454+00
c7d69a31-da6a-4fd7-a16a-8d7e1315acbc,86208cab-0dfe-42b4-8792-9b84fc6eefcb,2024-12-16 16:21:30+00,ebd258f3-1dee-4a5e-b97a-aa1493389a27,Eggs,184.00,da53de04-c188-4fe8-a596-9adf5b8851b8,null,Need,2025-04-07 09:08:33.013547+00,2025-04-09 14:18:14.644454+00
d1a5314e-f15a-4f44-9b76-ca76d2b6d3ed,86208cab-0dfe-42b4-8792-9b84fc6eefcb,2024-12-16 21:22:14+00,422a34ca-3f47-4773-a959-474f6ff6ac39,"Nachos ",70.00,da53de04-c188-4fe8-a596-9adf5b8851b8,null,Want,2025-04-07 09:08:33.013547+00,2025-04-09 14:18:14.644454+00
ac76183a-5f38-4863-a856-e59ec9999e17,86208cab-0dfe-42b4-8792-9b84fc6eefcb,2024-12-17 11:56:24+00,422a34ca-3f47-4773-a959-474f6ff6ac39,Chole Kulche + Doritos,51.00,da53de04-c188-4fe8-a596-9adf5b8851b8,null,Want,2025-04-07 09:08:33.013547+00,2025-04-09 14:18:14.644454+00
d5d68fa0-b3e1-4a35-94e7-54b94ffc6e4f,86208cab-0dfe-42b4-8792-9b84fc6eefcb,2024-12-18 11:58:40+00,422a34ca-3f47-4773-a959-474f6ff6ac39,"California Burrito ",398.00,da53de04-c188-4fe8-a596-9adf5b8851b8,null,Want,2025-04-07 09:08:33.013547+00,2025-04-09 14:18:14.644454+00
a360184f-2d49-47e9-993a-e13761c62933,86208cab-0dfe-42b4-8792-9b84fc6eefcb,2024-12-18 17:05:05+00,59eb7b23-1196-42da-9a24-70d0eccdd94a,Coffee,47.00,da53de04-c188-4fe8-a596-9adf5b8851b8,null,Want,2025-04-07 09:08:33.013547+00,2025-04-09 14:18:14.644454+00
252674d1-c345-4a04-8730-dc55d9722141,86208cab-0dfe-42b4-8792-9b84fc6eefcb,2024-12-18 20:00:15+00,98bbb266-5a66-43bc-8d75-980717561602,"choconut ",12.00,da53de04-c188-4fe8-a596-9adf5b8851b8,null,Need,2025-04-07 09:08:33.013547+00,2025-04-09 14:18:14.644454+00
ac0e0b53-0859-4309-926a-d657b0e23d28,86208cab-0dfe-42b4-8792-9b84fc6eefcb,2024-12-19 15:48:29+00,422a34ca-3f47-4773-a959-474f6ff6ac39,Canteen,79.00,da53de04-c188-4fe8-a596-9adf5b8851b8,null,Want,2025-04-07 09:08:33.013547+00,2025-04-09 14:18:14.644454+00
7d5b3fed-6e60-4e65-80a2-9f636f5725db,86208cab-0dfe-42b4-8792-9b84fc6eefcb,2024-12-19 22:16:17+00,422a34ca-3f47-4773-a959-474f6ff6ac39,"ice cream ",30.00,da53de04-c188-4fe8-a596-9adf5b8851b8,null,Want,2025-04-07 09:08:33.013547+00,2025-04-09 14:18:14.644454+00
1e86063d-35f2-4f14-aa3f-7b7e7bdf2090,86208cab-0dfe-42b4-8792-9b84fc6eefcb,2024-12-20 13:38:04+00,422a34ca-3f47-4773-a959-474f6ff6ac39,"biryani ",266.00,da53de04-c188-4fe8-a596-9adf5b8851b8,null,Want,2025-04-07 09:08:33.013547+00,2025-04-09 14:18:14.644454+00
accad10e-fc4f-424c-af1e-810f064e7a3c,86208cab-0dfe-42b4-8792-9b84fc6eefcb,2024-12-21 14:05:46+00,422a34ca-3f47-4773-a959-474f6ff6ac39,Tea+icecream+zepto,45.00,da53de04-c188-4fe8-a596-9adf5b8851b8,null,Need,2025-04-07 09:08:33.013547+00,2025-04-09 14:18:14.644454+00
dabaafdb-03e9-4d81-b10c-75c7d3efc255,86208cab-0dfe-42b4-8792-9b84fc6eefcb,2024-12-22 13:10:15+00,422a34ca-3f47-4773-a959-474f6ff6ac39,Zomato Gold,30.00,da53de04-c188-4fe8-a596-9adf5b8851b8,null,Want,2025-04-07 09:08:33.013547+00,2025-04-09 14:18:14.644454+00
156b25a7-496b-4415-becc-460f08a505b9,86208cab-0dfe-42b4-8792-9b84fc6eefcb,2024-12-22 16:35:22+00,59eb7b23-1196-42da-9a24-70d0eccdd94a,fruits+ maggi,303.00,da53de04-c188-4fe8-a596-9adf5b8851b8,null,Need,2025-04-07 09:08:33.013547+00,2025-04-09 14:18:14.644454+00
4a45b36a-df08-44a8-8518-4cc4033ca9fa,86208cab-0dfe-42b4-8792-9b84fc6eefcb,2024-12-22 20:06:29+00,98bbb266-5a66-43bc-8d75-980717561602,"Choconut ",30.00,da53de04-c188-4fe8-a596-9adf5b8851b8,null,Need,2025-04-07 09:08:33.013547+00,2025-04-09 14:18:14.644454+00
95c1005a-2b70-4c2a-98a5-4c77ec8257c8,86208cab-0dfe-42b4-8792-9b84fc6eefcb,2024-12-22 21:57:30+00,422a34ca-3f47-4773-a959-474f6ff6ac39,"ice cream ",30.00,da53de04-c188-4fe8-a596-9adf5b8851b8,null,Want,2025-04-07 09:08:33.013547+00,2025-04-09 14:18:14.644454+00
b35e4c00-8c5c-4946-a15b-609432bab57f,86208cab-0dfe-42b4-8792-9b84fc6eefcb,2024-12-24 13:42:44+00,422a34ca-3f47-4773-a959-474f6ff6ac39,"wings ",413.00,1463fe0c-5d09-4fc3-add5-89f6569941fe,null,Want,2025-04-07 09:08:33.013547+00,2025-04-09 14:18:14.644454+00
8b9876f8-2b0d-4a70-a010-a7c21276e3f0,86208cab-0dfe-42b4-8792-9b84fc6eefcb,2024-12-24 13:43:02+00,422a34ca-3f47-4773-a959-474f6ff6ac39,limca,20.00,da53de04-c188-4fe8-a596-9adf5b8851b8,null,Want,2025-04-07 09:08:33.013547+00,2025-04-09 14:18:14.644454+00
72148ff4-edfc-435e-b031-3e91e23703f0,86208cab-0dfe-42b4-8792-9b84fc6eefcb,2024-12-24 17:27:12+00,59eb7b23-1196-42da-9a24-70d0eccdd94a,"coffee ",84.00,da53de04-c188-4fe8-a596-9adf5b8851b8,null,Need,2025-04-07 09:08:33.013547+00,2025-04-09 14:18:14.644454+00
01b5ccbd-e5f0-4162-9f6e-8ad2723d00d5,86208cab-0dfe-42b4-8792-9b84fc6eefcb,2024-12-24 20:07:17+00,98bbb266-5a66-43bc-8d75-980717561602,"choconut ",12.00,da53de04-c188-4fe8-a596-9adf5b8851b8,null,Need,2025-04-07 09:08:33.013547+00,2025-04-09 14:18:14.644454+00
cedd3c1d-8346-478e-99de-33d743d2d4e8,86208cab-0dfe-42b4-8792-9b84fc6eefcb,2024-12-25 12:04:22+00,422a34ca-3f47-4773-a959-474f6ff6ac39,"California Burrito ",327.00,da53de04-c188-4fe8-a596-9adf5b8851b8,null,Want,2025-04-07 09:08:33.013547+00,2025-04-09 14:18:14.644454+00
8c58a2a4-d830-4a86-af23-b71d675e4c22,86208cab-0dfe-42b4-8792-9b84fc6eefcb,2024-12-26 12:23:31+00,422a34ca-3f47-4773-a959-474f6ff6ac39,Teriyanki Chicken,113.00,da53de04-c188-4fe8-a596-9adf5b8851b8,null,Want,2025-04-07 09:08:33.013547+00,2025-04-09 14:18:14.644454+00
2be2f175-c145-4cc0-97d2-b9f2ed16613f,86208cab-0dfe-42b4-8792-9b84fc6eefcb,2024-12-27 12:23:43+00,59eb7b23-1196-42da-9a24-70d0eccdd94a,Fruits,228.00,da53de04-c188-4fe8-a596-9adf5b8851b8,null,Need,2025-04-07 09:08:33.013547+00,2025-04-09 14:18:14.644454+00
e334f6c0-60ad-47d6-913d-079a9295402a,86208cab-0dfe-42b4-8792-9b84fc6eefcb,2024-12-27 12:24:06+00,422a34ca-3f47-4773-a959-474f6ff6ac39,Swiss Roll,60.00,da53de04-c188-4fe8-a596-9adf5b8851b8,null,Want,2025-04-07 09:08:33.013547+00,2025-04-09 14:18:14.644454+00
9b9e2d7d-ecad-44a3-9d54-7cc7b56f038a,86208cab-0dfe-42b4-8792-9b84fc6eefcb,2024-12-27 12:48:41+00,422a34ca-3f47-4773-a959-474f6ff6ac39,"California Burrito ",277.00,1305616a-146f-46dc-993a-4c4c185bebf4,null,Want,2025-04-07 09:08:33.013547+00,2025-04-09 14:18:14.644454+00
3929b5bf-196b-4d34-b49a-acb1046b8a56,86208cab-0dfe-42b4-8792-9b84fc6eefcb,2024-12-27 21:13:12+00,422a34ca-3f47-4773-a959-474f6ff6ac39,"canteen ",20.00,da53de04-c188-4fe8-a596-9adf5b8851b8,null,Want,2025-04-07 09:08:33.013547+00,2025-04-09 14:18:14.644454+00
7ecab993-1ba5-4c03-8a60-7e3453d82136,86208cab-0dfe-42b4-8792-9b84fc6eefcb,2024-12-28 19:05:36+00,422a34ca-3f47-4773-a959-474f6ff6ac39,KFC,363.00,da53de04-c188-4fe8-a596-9adf5b8851b8,null,Want,2025-04-07 09:08:33.013547+00,2025-04-09 14:18:14.644454+00
d003cb08-b68d-48a5-8439-6be2726a267f,86208cab-0dfe-42b4-8792-9b84fc6eefcb,2024-12-28 23:21:42+00,422a34ca-3f47-4773-a959-474f6ff6ac39,limca,20.00,da53de04-c188-4fe8-a596-9adf5b8851b8,null,Want,2025-04-07 09:08:33.013547+00,2025-04-09 14:18:14.644454+00
ff76649f-0e02-4035-ab02-8bb3d840df6a,86208cab-0dfe-42b4-8792-9b84fc6eefcb,2024-12-29 00:25:10+00,449d16aa-8e02-4563-b7af-f5f63d946696,"Lyfta 1 year subscription ",239.00,da53de04-c188-4fe8-a596-9adf5b8851b8,null,Need,2025-04-07 09:08:33.013547+00,2025-04-09 14:18:14.644454+00
4de93ee2-d139-41d9-a465-5207e960fed8,86208cab-0dfe-42b4-8792-9b84fc6eefcb,2024-12-29 11:58:08+00,422a34ca-3f47-4773-a959-474f6ff6ac39,fresh menu,109.50,da53de04-c188-4fe8-a596-9adf5b8851b8,null,Want,2025-04-07 09:08:33.013547+00,2025-04-09 14:18:14.644454+00
0e2254c0-2a37-41be-8213-403383e14a9f,86208cab-0dfe-42b4-8792-9b84fc6eefcb,2024-12-29 16:38:56+00,59eb7b23-1196-42da-9a24-70d0eccdd94a,Fruits,199.00,da53de04-c188-4fe8-a596-9adf5b8851b8,null,Want,2025-04-07 09:08:33.013547+00,2025-04-09 14:18:14.644454+00
7c75f1e5-2725-40c0-8b53-7865e0b7b332,86208cab-0dfe-42b4-8792-9b84fc6eefcb,2024-12-30 12:12:57+00,422a34ca-3f47-4773-a959-474f6ff6ac39,biryani,280.00,da53de04-c188-4fe8-a596-9adf5b8851b8,null,Want,2025-04-07 09:08:33.013547+00,2025-04-09 14:18:14.644454+00
6aac941a-f36d-4cdb-a45c-2c50a46b40d6,86208cab-0dfe-42b4-8792-9b84fc6eefcb,2024-12-30 12:42:39+00,422a34ca-3f47-4773-a959-474f6ff6ac39,limca,20.00,da53de04-c188-4fe8-a596-9adf5b8851b8,null,Want,2025-04-07 09:08:33.013547+00,2025-04-09 14:18:14.644454+00
42287f08-8349-4056-906e-dec81dff33da,86208cab-0dfe-42b4-8792-9b84fc6eefcb,2024-12-30 19:33:19+00,98bbb266-5a66-43bc-8d75-980717561602,"Choconut ",60.00,da53de04-c188-4fe8-a596-9adf5b8851b8,null,Need,2025-04-07 09:08:33.013547+00,2025-04-09 14:18:14.644454+00
7610dbae-4777-4d59-bf3d-119c893342d8,86208cab-0dfe-42b4-8792-9b84fc6eefcb,2024-12-31 12:17:32+00,422a34ca-3f47-4773-a959-474f6ff6ac39,truffles,393.00,da53de04-c188-4fe8-a596-9adf5b8851b8,null,Want,2025-04-07 09:08:33.013547+00,2025-04-09 14:18:14.644454+00
2519e521-c3ce-4460-a389-317e4169faf5,86208cab-0dfe-42b4-8792-9b84fc6eefcb,2024-12-31 19:49:32+00,422a34ca-3f47-4773-a959-474f6ff6ac39,donut,30.00,da53de04-c188-4fe8-a596-9adf5b8851b8,null,Want,2025-04-07 09:08:33.013547+00,2025-04-09 14:18:14.644454+00
ac0185ba-a1c6-41db-a165-8f5de9c20995,86208cab-0dfe-42b4-8792-9b84fc6eefcb,2025-01-01 09:19:27+00,ebd258f3-1dee-4a5e-b97a-aa1493389a27,eggs,166.00,da53de04-c188-4fe8-a596-9adf5b8851b8,null,Need,2025-04-07 09:08:33.013547+00,2025-04-09 14:18:14.644454+00
2b2ad42a-808e-4dda-81ef-ab34b150b9c4,86208cab-0dfe-42b4-8792-9b84fc6eefcb,2025-01-03 16:46:28+00,59eb7b23-1196-42da-9a24-70d0eccdd94a,fruits + coffee,377.00,1463fe0c-5d09-4fc3-add5-89f6569941fe,null,Need,2025-04-07 09:08:33.013547+00,2025-04-09 14:18:14.644454+00
7df1872b-3d01-48b6-8fce-0a211de87b6e,86208cab-0dfe-42b4-8792-9b84fc6eefcb,2025-01-04 20:58:40+00,98bbb266-5a66-43bc-8d75-980717561602,"choconut ",12.00,da53de04-c188-4fe8-a596-9adf5b8851b8,null,Need,2025-04-07 09:08:33.013547+00,2025-04-09 14:18:14.644454+00
3f5ef579-fd32-458f-b6a1-21bc52a58d39,86208cab-0dfe-42b4-8792-9b84fc6eefcb,2025-01-05 13:10:28+00,422a34ca-3f47-4773-a959-474f6ff6ac39,"fresh menu ",136.50,da53de04-c188-4fe8-a596-9adf5b8851b8,null,Want,2025-04-07 09:08:33.013547+00,2025-04-09 14:18:14.644454+00
a5cc5a40-4801-4bf2-96b3-a5731a6186ee,86208cab-0dfe-42b4-8792-9b84fc6eefcb,2025-01-05 19:05:44+00,59eb7b23-1196-42da-9a24-70d0eccdd94a,"money plant, maggi, saunf, chilli sauce",532.00,da53de04-c188-4fe8-a596-9adf5b8851b8,null,Need,2025-04-07 09:08:33.013547+00,2025-04-09 14:18:14.644454+00
2afb1bcb-7d2d-4c6a-b830-ba34e6bc1214,86208cab-0dfe-42b4-8792-9b84fc6eefcb,2025-01-06 11:28:13+00,ebd258f3-1dee-4a5e-b97a-aa1493389a27,"Eggs, bread, ginger garlic paste",271.00,da53de04-c188-4fe8-a596-9adf5b8851b8,null,Need,2025-04-07 09:08:33.013547+00,2025-04-09 14:18:14.644454+00
c476901d-4e46-4cf3-8819-6dad4ebc4921,86208cab-0dfe-42b4-8792-9b84fc6eefcb,2025-01-08 18:09:57+00,ebd258f3-1dee-4a5e-b97a-aa1493389a27,egg,165.00,da53de04-c188-4fe8-a596-9adf5b8851b8,null,Need,2025-04-07 09:08:33.013547+00,2025-04-09 14:18:14.644454+00
1d1fddc3-e2b8-431f-b276-14da411fc2f7,86208cab-0dfe-42b4-8792-9b84fc6eefcb,2025-01-08 20:33:26+00,422a34ca-3f47-4773-a959-474f6ff6ac39,"nh1 rajma chawal ",156.00,da53de04-c188-4fe8-a596-9adf5b8851b8,null,Want,2025-04-07 09:08:33.013547+00,2025-04-09 14:18:14.644454+00
0bc77f67-cb55-438f-b8e6-f1836374e9f2,86208cab-0dfe-42b4-8792-9b84fc6eefcb,2025-01-11 21:43:07+00,98bbb266-5a66-43bc-8d75-980717561602,"choconut ",17.00,da53de04-c188-4fe8-a596-9adf5b8851b8,null,Need,2025-04-07 09:08:33.013547+00,2025-04-09 14:18:14.644454+00
cf5913c0-f180-4841-810f-8a596f0130bd,86208cab-0dfe-42b4-8792-9b84fc6eefcb,2025-01-14 15:36:54+00,e16337a1-9a21-4931-8947-afb4bfad443c,"Samarth hangout - California Burrito ",298.00,da53de04-c188-4fe8-a596-9adf5b8851b8,null,Want,2025-04-07 09:08:33.013547+00,2025-04-09 14:18:14.644454+00
759db82e-dd08-4763-85d9-828c177f2695,86208cab-0dfe-42b4-8792-9b84fc6eefcb,2025-01-14 15:37:13+00,e16337a1-9a21-4931-8947-afb4bfad443c,Samarth Hangout - Bus,60.00,ea50a20f-df54-4a5f-a578-38cfed563a98,null,Want,2025-04-07 09:08:33.013547+00,2025-04-09 14:18:14.644454+00
f4bcb32d-10f6-41fe-9ae4-1e7f2cb9db74,86208cab-0dfe-42b4-8792-9b84fc6eefcb,2025-01-15 09:51:05+00,ebd258f3-1dee-4a5e-b97a-aa1493389a27,Egg + all out,219.00,da53de04-c188-4fe8-a596-9adf5b8851b8,null,Need,2025-04-07 09:08:33.013547+00,2025-04-09 14:18:14.644454+00
0c410fee-1287-4463-9667-7a1e63696062,86208cab-0dfe-42b4-8792-9b84fc6eefcb,2025-01-15 14:49:20+00,449d16aa-8e02-4563-b7af-f5f63d946696,oil spray and 5 regular bottles,190.00,da53de04-c188-4fe8-a596-9adf5b8851b8,null,Need,2025-04-07 09:08:33.013547+00,2025-04-09 14:18:14.644454+00
c611554f-1c2b-4ba9-be01-f6bdc3bd886d,86208cab-0dfe-42b4-8792-9b84fc6eefcb,2025-01-15 21:39:11+00,98bbb266-5a66-43bc-8d75-980717561602,"choconut ",24.00,da53de04-c188-4fe8-a596-9adf5b8851b8,null,Need,2025-04-07 09:08:33.013547+00,2025-04-09 14:18:14.644454+00
49ff82f1-9f62-49d3-9321-8d7ef33a0cab,86208cab-0dfe-42b4-8792-9b84fc6eefcb,2025-01-17 13:09:29+00,422a34ca-3f47-4773-a959-474f6ff6ac39,"hyderabadi ",178.00,da53de04-c188-4fe8-a596-9adf5b8851b8,null,Want,2025-04-07 09:08:33.013547+00,2025-04-09 14:18:14.644454+00
97b14f25-bcad-4250-aca0-d51c8e3c3013,86208cab-0dfe-42b4-8792-9b84fc6eefcb,2025-01-18 12:38:15+00,422a34ca-3f47-4773-a959-474f6ff6ac39,jfp,130.00,da53de04-c188-4fe8-a596-9adf5b8851b8,null,Want,2025-04-07 09:08:33.013547+00,2025-04-09 14:18:14.644454+00
6107ba71-7ba7-4da8-90ed-9b4fa75e1a1c,86208cab-0dfe-42b4-8792-9b84fc6eefcb,2025-01-19 10:53:42+00,59eb7b23-1196-42da-9a24-70d0eccdd94a,egg+grocery,461.00,da53de04-c188-4fe8-a596-9adf5b8851b8,null,Need,2025-04-07 09:08:33.013547+00,2025-04-09 14:18:14.644454+00
ce7cc7e6-5c00-4628-b049-a66aaaeaff3d,86208cab-0dfe-42b4-8792-9b84fc6eefcb,2025-01-19 13:11:22+00,98bbb266-5a66-43bc-8d75-980717561602,Coffee+tea,24.00,da53de04-c188-4fe8-a596-9adf5b8851b8,null,Need,2025-04-07 09:08:33.013547+00,2025-04-09 14:18:14.644454+00
d42b2f59-27a3-4107-b005-ae4e1a0ee6f2,86208cab-0dfe-42b4-8792-9b84fc6eefcb,2025-01-20 12:32:58+00,422a34ca-3f47-4773-a959-474f6ff6ac39,"California Burrito ",308.00,da53de04-c188-4fe8-a596-9adf5b8851b8,null,Want,2025-04-07 09:08:33.013547+00,2025-04-09 14:18:14.644454+00
ee415a5a-13eb-4be0-9db5-4fcb8e3cf277,86208cab-0dfe-42b4-8792-9b84fc6eefcb,2025-01-22 20:58:07+00,98bbb266-5a66-43bc-8d75-980717561602,"choconut ",12.00,da53de04-c188-4fe8-a596-9adf5b8851b8,null,Need,2025-04-07 09:08:33.013547+00,2025-04-09 14:18:14.644454+00
a1ba65be-880d-4f7a-8e41-447c5aa0a723,86208cab-0dfe-42b4-8792-9b84fc6eefcb,2025-01-23 15:23:19+00,422a34ca-3f47-4773-a959-474f6ff6ac39,"Punjabi ",174.00,da53de04-c188-4fe8-a596-9adf5b8851b8,null,Want,2025-04-07 09:08:33.013547+00,2025-04-09 14:18:14.644454+00
b1be94fd-f429-41af-b6c9-04bf5de8dbc0,86208cab-0dfe-42b4-8792-9b84fc6eefcb,2025-01-23 21:59:29+00,422a34ca-3f47-4773-a959-474f6ff6ac39,kfc,277.00,da53de04-c188-4fe8-a596-9adf5b8851b8,null,Want,2025-04-07 09:08:33.013547+00,2025-04-09 14:18:14.644454+00
c55c93ed-f092-4448-9dd1-25817b3743a1,86208cab-0dfe-42b4-8792-9b84fc6eefcb,2025-01-24 13:25:32+00,422a34ca-3f47-4773-a959-474f6ff6ac39,"California Burrito ",184.00,da53de04-c188-4fe8-a596-9adf5b8851b8,null,Want,2025-04-07 09:08:33.013547+00,2025-04-09 14:18:14.644454+00
84bdc7d7-3345-4f55-bddb-f81de181d239,86208cab-0dfe-42b4-8792-9b84fc6eefcb,2025-01-25 13:07:33+00,422a34ca-3f47-4773-a959-474f6ff6ac39,nh1,149.00,da53de04-c188-4fe8-a596-9adf5b8851b8,null,Want,2025-04-07 09:08:33.013547+00,2025-04-09 14:18:14.644454+00
55ec26dd-ea58-4a90-bc81-2791f8e864ff,86208cab-0dfe-42b4-8792-9b84fc6eefcb,2025-01-26 14:13:39+00,59eb7b23-1196-42da-9a24-70d0eccdd94a,"orbit, milk, strawberry, maggi",267.00,da53de04-c188-4fe8-a596-9adf5b8851b8,null,Need,2025-04-07 09:08:33.013547+00,2025-04-09 14:18:14.644454+00
e1a07e93-2f81-4bc5-8ccc-ff9a65592608,86208cab-0dfe-42b4-8792-9b84fc6eefcb,2025-01-26 20:55:08+00,422a34ca-3f47-4773-a959-474f6ff6ac39,"hyderabadi ",222.00,da53de04-c188-4fe8-a596-9adf5b8851b8,null,Want,2025-04-07 09:08:33.013547+00,2025-04-09 14:18:14.644454+00
13ddf9c9-8664-46f5-93fa-92c1ea39a183,86208cab-0dfe-42b4-8792-9b84fc6eefcb,2025-01-27 21:24:37+00,98bbb266-5a66-43bc-8d75-980717561602,"choconut ",12.00,da53de04-c188-4fe8-a596-9adf5b8851b8,null,Need,2025-04-07 09:08:33.013547+00,2025-04-09 14:18:14.644454+00
bcb2653a-bc67-4ae1-99a2-400fe57b1a93,86208cab-0dfe-42b4-8792-9b84fc6eefcb,2025-01-28 09:50:18+00,59eb7b23-1196-42da-9a24-70d0eccdd94a,Fruits + ketchup,241.00,da53de04-c188-4fe8-a596-9adf5b8851b8,null,Need,2025-04-07 09:08:33.013547+00,2025-04-09 14:18:14.644454+00
bfbbb07a-911b-463e-af4b-72e0dcdd96e4,86208cab-0dfe-42b4-8792-9b84fc6eefcb,2025-01-29 12:54:39+00,422a34ca-3f47-4773-a959-474f6ff6ac39,"California Burrito ",177.00,da53de04-c188-4fe8-a596-9adf5b8851b8,null,Want,2025-04-07 09:08:33.013547+00,2025-04-09 14:18:14.644454+00
102b28a2-6888-47fa-b9f4-77760196d6e1,86208cab-0dfe-42b4-8792-9b84fc6eefcb,2025-01-29 15:46:04+00,ebd258f3-1dee-4a5e-b97a-aa1493389a27,"egg ",137.00,da53de04-c188-4fe8-a596-9adf5b8851b8,null,Need,2025-04-07 09:08:33.013547+00,2025-04-09 14:18:14.644454+00
63450757-b5ea-44fa-aa4e-dac861a017ae,86208cab-0dfe-42b4-8792-9b84fc6eefcb,2025-01-29 21:29:15+00,98bbb266-5a66-43bc-8d75-980717561602,choco nut,12.00,da53de04-c188-4fe8-a596-9adf5b8851b8,null,Need,2025-04-07 09:08:33.013547+00,2025-04-09 14:18:14.644454+00
9887bff8-b0b7-4b64-9739-6c633c38b743,86208cab-0dfe-42b4-8792-9b84fc6eefcb,2025-01-31 17:36:17+00,ebd258f3-1dee-4a5e-b97a-aa1493389a27,Protein + MultiVitamin + Joint supplements (2 month) + creatine (3 month),9976.00,1305616a-146f-46dc-993a-4c4c185bebf4,null,Need,2025-04-07 09:08:33.013547+00,2025-04-09 14:18:14.644454+00
02664003-420e-4eb2-b7bf-76ae12a59046,86208cab-0dfe-42b4-8792-9b84fc6eefcb,2025-01-31 18:05:29+00,449d16aa-8e02-4563-b7af-f5f63d946696,"Amazon ",8002.97,1305616a-146f-46dc-993a-4c4c185bebf4,null,Want,2025-04-07 09:08:33.013547+00,2025-04-09 14:18:14.644454+00
bbc3e6af-77d8-428e-8213-6c091b734363,86208cab-0dfe-42b4-8792-9b84fc6eefcb,2025-02-01 09:38:56+00,d6c132fc-24cc-4998-9fc4-15ac64250f85,blood test,2050.00,1305616a-146f-46dc-993a-4c4c185bebf4,null,Need,2025-04-07 09:08:33.013547+00,2025-04-09 14:18:14.644454+00
a3348de8-d211-43f1-acb2-93519ce41890,86208cab-0dfe-42b4-8792-9b84fc6eefcb,2025-02-01 09:39:14+00,422a34ca-3f47-4773-a959-474f6ff6ac39,poha,50.00,1305616a-146f-46dc-993a-4c4c185bebf4,null,Want,2025-04-07 09:08:33.013547+00,2025-04-09 14:18:14.644454+00
168682d7-6367-409f-9c3e-1ed6f2e0d8dc,86208cab-0dfe-42b4-8792-9b84fc6eefcb,2025-02-01 09:39:41+00,e16337a1-9a21-4931-8947-afb4bfad443c,"Haircut ",100.00,da53de04-c188-4fe8-a596-9adf5b8851b8,null,Need,2025-04-07 09:08:33.013547+00,2025-04-09 14:18:14.644454+00
6b418d3a-d2fc-4956-b786-f96abc684c8c,86208cab-0dfe-42b4-8792-9b84fc6eefcb,2025-02-01 15:20:01+00,e16337a1-9a21-4931-8947-afb4bfad443c,Truffles,810.00,1305616a-146f-46dc-993a-4c4c185bebf4,null,Want,2025-04-07 09:08:33.013547+00,2025-04-09 14:18:14.644454+00
1f3d480e-fc40-40ba-b763-deff89f912b4,86208cab-0dfe-42b4-8792-9b84fc6eefcb,2025-02-01 15:20:21+00,e16337a1-9a21-4931-8947-afb4bfad443c,Amintiri,430.00,1305616a-146f-46dc-993a-4c4c185bebf4,null,Want,2025-04-07 09:08:33.013547+00,2025-04-09 14:18:14.644454+00
9a2f6a97-7bc8-4e6c-8c6a-3a90e756545d,86208cab-0dfe-42b4-8792-9b84fc6eefcb,2025-02-01 17:21:35+00,e16337a1-9a21-4931-8947-afb4bfad443c,Bus church street and back,86.00,ea50a20f-df54-4a5f-a578-38cfed563a98,null,Want,2025-04-07 09:08:33.013547+00,2025-04-09 14:18:14.644454+00
cd1c1d03-0772-4682-acb5-a6ef64bd716f,86208cab-0dfe-42b4-8792-9b84fc6eefcb,2025-02-01 17:21:52+00,e16337a1-9a21-4931-8947-afb4bfad443c,"Auto ",80.00,1305616a-146f-46dc-993a-4c4c185bebf4,null,Want,2025-04-07 09:08:33.013547+00,2025-04-09 14:18:14.644454+00
45c27dcb-0486-489f-b73d-411edca7deba,86208cab-0dfe-42b4-8792-9b84fc6eefcb,2025-02-01 21:24:36+00,422a34ca-3f47-4773-a959-474f6ff6ac39,punjabi,169.00,da53de04-c188-4fe8-a596-9adf5b8851b8,null,Want,2025-04-07 09:08:33.013547+00,2025-04-09 14:18:14.644454+00
f3cd8674-f6ae-4dc4-b62b-3dd78e5bbfde,86208cab-0dfe-42b4-8792-9b84fc6eefcb,2025-02-01 21:36:29+00,98bbb266-5a66-43bc-8d75-980717561602,"choconut ",24.00,da53de04-c188-4fe8-a596-9adf5b8851b8,null,Need,2025-04-07 09:08:33.013547+00,2025-04-09 14:18:14.644454+00
cee5751f-ddc1-4aed-845a-5819186c6cd1,86208cab-0dfe-42b4-8792-9b84fc6eefcb,2025-02-02 09:27:25+00,59eb7b23-1196-42da-9a24-70d0eccdd94a,"goodday, fruits, vegetables, eno",411.46,da53de04-c188-4fe8-a596-9adf5b8851b8,null,Need,2025-04-07 09:08:33.013547+00,2025-04-09 14:18:14.644454+00
ce95faff-414e-4dc2-824c-62d8aa7ceb26,86208cab-0dfe-42b4-8792-9b84fc6eefcb,2025-02-02 16:15:04+00,ebd258f3-1dee-4a5e-b97a-aa1493389a27,milk 200ml,10.27,da53de04-c188-4fe8-a596-9adf5b8851b8,null,Need,2025-04-07 09:08:33.013547+00,2025-04-09 14:18:14.644454+00
93703658-eae7-4d83-a617-03bb6600394d,86208cab-0dfe-42b4-8792-9b84fc6eefcb,2025-02-02 20:40:04+00,98bbb266-5a66-43bc-8d75-980717561602,"choconut ",12.00,da53de04-c188-4fe8-a596-9adf5b8851b8,null,Need,2025-04-07 09:08:33.013547+00,2025-04-09 14:18:14.644454+00
b69ae988-fac7-4682-97b0-3a89d055a52f,86208cab-0dfe-42b4-8792-9b84fc6eefcb,2025-02-03 21:55:01+00,98bbb266-5a66-43bc-8d75-980717561602,"choconut ",12.00,da53de04-c188-4fe8-a596-9adf5b8851b8,null,Need,2025-04-07 09:08:33.013547+00,2025-04-09 14:18:14.644454+00
a1e0e134-50b9-469f-8d72-422082baec44,86208cab-0dfe-42b4-8792-9b84fc6eefcb,2025-02-03 23:22:13+00,422a34ca-3f47-4773-a959-474f6ff6ac39,ice cream,20.00,da53de04-c188-4fe8-a596-9adf5b8851b8,null,Want,2025-04-07 09:08:33.013547+00,2025-04-09 14:18:14.644454+00
89940b5b-0572-4e3a-ba7a-8bc23fc46db7,86208cab-0dfe-42b4-8792-9b84fc6eefcb,2025-02-04 12:22:37+00,422a34ca-3f47-4773-a959-474f6ff6ac39,biryani,202.93,da53de04-c188-4fe8-a596-9adf5b8851b8,null,Want,2025-04-07 09:08:33.013547+00,2025-04-09 14:18:14.644454+00
bed50078-5b5d-408f-8493-5dbaa5a276b0,86208cab-0dfe-42b4-8792-9b84fc6eefcb,2025-02-04 12:37:08+00,422a34ca-3f47-4773-a959-474f6ff6ac39,nestea,35.00,da53de04-c188-4fe8-a596-9adf5b8851b8,null,Want,2025-04-07 09:08:33.013547+00,2025-04-09 14:18:14.644454+00
0e7ce62e-e59c-4cc3-9317-68933acc12b6,86208cab-0dfe-42b4-8792-9b84fc6eefcb,2025-02-04 16:44:30+00,ebd258f3-1dee-4a5e-b97a-aa1493389a27,egg+grapes,250.00,da53de04-c188-4fe8-a596-9adf5b8851b8,null,Need,2025-04-07 09:08:33.013547+00,2025-04-09 14:18:14.644454+00
b0ab1af3-bed5-4cba-b09b-765aec10cdc8,86208cab-0dfe-42b4-8792-9b84fc6eefcb,2025-02-04 22:53:12+00,422a34ca-3f47-4773-a959-474f6ff6ac39,canteen,90.00,da53de04-c188-4fe8-a596-9adf5b8851b8,null,Want,2025-04-07 09:08:33.013547+00,2025-04-09 14:18:14.644454+00
52d28862-8145-4daa-ae10-181fb6521e48,86208cab-0dfe-42b4-8792-9b84fc6eefcb,2025-02-05 09:28:15+00,422a34ca-3f47-4773-a959-474f6ff6ac39,poha,100.00,da53de04-c188-4fe8-a596-9adf5b8851b8,null,Want,2025-04-07 09:08:33.013547+00,2025-04-09 14:18:14.644454+00
48b94103-5e7d-4420-8d19-8f7539e43d27,86208cab-0dfe-42b4-8792-9b84fc6eefcb,2025-02-05 12:54:23+00,422a34ca-3f47-4773-a959-474f6ff6ac39,nh1+limca,155.00,da53de04-c188-4fe8-a596-9adf5b8851b8,null,Want,2025-04-07 09:08:33.013547+00,2025-04-09 14:18:14.644454+00
20eb6181-9ac6-4336-8d02-29a6d923604b,86208cab-0dfe-42b4-8792-9b84fc6eefcb,2025-02-05 20:59:22+00,422a34ca-3f47-4773-a959-474f6ff6ac39,Punjabi,237.00,da53de04-c188-4fe8-a596-9adf5b8851b8,null,Want,2025-04-07 09:08:33.013547+00,2025-04-09 14:18:14.644454+00
23bddb22-719a-4ad6-9e68-3dd75ee8a90c,86208cab-0dfe-42b4-8792-9b84fc6eefcb,2025-02-06 11:46:36+00,422a34ca-3f47-4773-a959-474f6ff6ac39,"California Burrito ",242.00,da53de04-c188-4fe8-a596-9adf5b8851b8,null,Want,2025-04-07 09:08:33.013547+00,2025-04-09 14:18:14.644454+00
9df05775-c88b-4f0e-8acb-8d194ea69c44,86208cab-0dfe-42b4-8792-9b84fc6eefcb,2025-02-06 20:57:27+00,98bbb266-5a66-43bc-8d75-980717561602,"choconut ",12.00,da53de04-c188-4fe8-a596-9adf5b8851b8,null,Need,2025-04-07 09:08:33.013547+00,2025-04-09 14:18:14.644454+00
55ac7bd5-6a92-4870-8031-53c0765d1d4b,86208cab-0dfe-42b4-8792-9b84fc6eefcb,2025-02-06 22:05:08+00,422a34ca-3f47-4773-a959-474f6ff6ac39,canteen,70.00,da53de04-c188-4fe8-a596-9adf5b8851b8,null,Want,2025-04-07 09:08:33.013547+00,2025-04-09 14:18:14.644454+00
d0acf2b1-7417-4587-8ce6-493d34c2134d,86208cab-0dfe-42b4-8792-9b84fc6eefcb,2025-02-07 11:59:14+00,422a34ca-3f47-4773-a959-474f6ff6ac39,"California Burrito ",247.00,da53de04-c188-4fe8-a596-9adf5b8851b8,null,Want,2025-04-07 09:08:33.013547+00,2025-04-09 14:18:14.644454+00
00db0024-cbc2-48cf-9526-e0bf413b56f4,86208cab-0dfe-42b4-8792-9b84fc6eefcb,2025-02-07 22:37:22+00,422a34ca-3f47-4773-a959-474f6ff6ac39,"canteen ",45.00,da53de04-c188-4fe8-a596-9adf5b8851b8,null,Want,2025-04-07 09:08:33.013547+00,2025-04-09 14:18:14.644454+00
2ea2cfb8-6c41-42ca-bc94-aa8a28b78257,86208cab-0dfe-42b4-8792-9b84fc6eefcb,2025-02-08 11:39:58+00,422a34ca-3f47-4773-a959-474f6ff6ac39,"California Burrito ",323.00,da53de04-c188-4fe8-a596-9adf5b8851b8,null,Want,2025-04-07 09:08:33.013547+00,2025-04-09 14:18:14.644454+00
b214a5bd-1fbe-4e19-beed-e9af477e8066,86208cab-0dfe-42b4-8792-9b84fc6eefcb,2025-02-08 16:42:49+00,59eb7b23-1196-42da-9a24-70d0eccdd94a,milk+eno,90.00,da53de04-c188-4fe8-a596-9adf5b8851b8,null,Need,2025-04-07 09:08:33.013547+00,2025-04-09 14:18:14.644454+00
b4fcc154-2fa6-4117-8cf1-9816138c319c,86208cab-0dfe-42b4-8792-9b84fc6eefcb,2025-02-09 09:48:59+00,98bbb266-5a66-43bc-8d75-980717561602,"choconut ",90.00,da53de04-c188-4fe8-a596-9adf5b8851b8,null,Need,2025-04-07 09:08:33.013547+00,2025-04-09 14:18:14.644454+00
27d3cb67-f7cf-4835-89cb-e2906e97565f,86208cab-0dfe-42b4-8792-9b84fc6eefcb,2025-02-09 09:49:14+00,422a34ca-3f47-4773-a959-474f6ff6ac39,poha,100.00,da53de04-c188-4fe8-a596-9adf5b8851b8,null,Need,2025-04-07 09:08:33.013547+00,2025-04-09 14:18:14.644454+00
f6f2613d-c65f-4051-9e6d-06502552b30f,86208cab-0dfe-42b4-8792-9b84fc6eefcb,2025-02-09 09:49:40+00,6fe31067-3d5e-4757-8fd3-70d2570e4e80,petrol,372.64,da53de04-c188-4fe8-a596-9adf5b8851b8,null,Need,2025-04-07 09:08:33.013547+00,2025-04-09 14:18:14.644454+00
59a8f8ad-d706-4c27-8797-44966c16b8bf,86208cab-0dfe-42b4-8792-9b84fc6eefcb,2025-02-09 11:48:24+00,422a34ca-3f47-4773-a959-474f6ff6ac39,"California Burrito ",149.00,da53de04-c188-4fe8-a596-9adf5b8851b8,null,Want,2025-04-07 09:08:33.013547+00,2025-04-09 14:18:14.644454+00
f96c6602-19c3-4db3-a15b-ce1a98d4d98f,86208cab-0dfe-42b4-8792-9b84fc6eefcb,2025-02-09 20:39:43+00,422a34ca-3f47-4773-a959-474f6ff6ac39,"hyderbadi ",227.00,da53de04-c188-4fe8-a596-9adf5b8851b8,null,Want,2025-04-07 09:08:33.013547+00,2025-04-09 14:18:14.644454+00
71d09fea-d794-4dfa-9750-906fe4531fd8,86208cab-0dfe-42b4-8792-9b84fc6eefcb,2025-02-10 09:30:57+00,59eb7b23-1196-42da-9a24-70d0eccdd94a,fruits + milk+ orbit,150.00,da53de04-c188-4fe8-a596-9adf5b8851b8,null,Need,2025-04-07 09:08:33.013547+00,2025-04-09 14:18:14.644454+00
63aa2b97-3886-4455-ae9b-8d69fb089489,86208cab-0dfe-42b4-8792-9b84fc6eefcb,2025-02-11 14:51:38+00,422a34ca-3f47-4773-a959-474f6ff6ac39,"Taco ",90.00,da53de04-c188-4fe8-a596-9adf5b8851b8,null,Want,2025-04-07 09:08:33.013547+00,2025-04-09 14:18:14.644454+00
1a8b4459-9271-48f9-95c7-f08a9000ca4c,86208cab-0dfe-42b4-8792-9b84fc6eefcb,2025-02-11 22:12:39+00,59eb7b23-1196-42da-9a24-70d0eccdd94a,blender+eno,1216.00,da53de04-c188-4fe8-a596-9adf5b8851b8,null,Need,2025-04-07 09:08:33.013547+00,2025-04-09 14:18:14.644454+00
5d357f67-0b87-4c7d-bcc4-b1069ad54450,86208cab-0dfe-42b4-8792-9b84fc6eefcb,2025-02-11 22:12:58+00,98bbb266-5a66-43bc-8d75-980717561602,"choconut ",12.00,da53de04-c188-4fe8-a596-9adf5b8851b8,null,Need,2025-04-07 09:08:33.013547+00,2025-04-09 14:18:14.644454+00
cbb4f2e4-6db6-49a9-9e76-1ec3baff3935,86208cab-0dfe-42b4-8792-9b84fc6eefcb,2025-02-11 22:13:21+00,422a34ca-3f47-4773-a959-474f6ff6ac39,"punjabi ",180.00,da53de04-c188-4fe8-a596-9adf5b8851b8,null,Want,2025-04-07 09:08:33.013547+00,2025-04-09 14:18:14.644454+00
d921c245-a751-4b95-bff8-7a486dd97b43,86208cab-0dfe-42b4-8792-9b84fc6eefcb,2025-02-12 15:52:14+00,e16337a1-9a21-4931-8947-afb4bfad443c,Aero India Food and Water,420.00,da53de04-c188-4fe8-a596-9adf5b8851b8,null,Want,2025-04-07 09:08:33.013547+00,2025-04-09 14:18:14.644454+00
d7aa820d-7060-49fc-bb38-56c50b5ea017,86208cab-0dfe-42b4-8792-9b84fc6eefcb,2025-02-13 15:52:59+00,59eb7b23-1196-42da-9a24-70d0eccdd94a,fruits + bread + milk,192.00,da53de04-c188-4fe8-a596-9adf5b8851b8,null,Need,2025-04-07 09:08:33.013547+00,2025-04-09 14:18:14.644454+00
7b5e1655-82f1-4a0f-9562-ed0d5b5f3f5f,86208cab-0dfe-42b4-8792-9b84fc6eefcb,2025-02-13 16:56:22+00,05704a5f-e975-4567-a2bb-77184eaa69d6,194 x Niftybees - Kite,50300.00,1305616a-146f-46dc-993a-4c4c185bebf4,null,Investment,2025-04-07 09:08:33.013547+00,2025-04-09 14:18:14.644454+00
355db5f3-37f7-4418-81d8-651f1e199a1a,86208cab-0dfe-42b4-8792-9b84fc6eefcb,2025-02-13 20:53:38+00,422a34ca-3f47-4773-a959-474f6ff6ac39,"California Burrito ",227.00,da53de04-c188-4fe8-a596-9adf5b8851b8,null,Want,2025-04-07 09:08:33.013547+00,2025-04-09 14:18:14.644454+00
c378698c-4b3f-4892-b9b1-ba27c8c1d31b,86208cab-0dfe-42b4-8792-9b84fc6eefcb,2025-02-14 11:58:16+00,422a34ca-3f47-4773-a959-474f6ff6ac39,zepto cafe,250.00,da53de04-c188-4fe8-a596-9adf5b8851b8,Margherita pizza + Chole Kulche + Tiramisu + French fries + chicken nuggets + poha @ 80% off,Want,2025-04-07 09:08:33.013547+00,2025-04-09 14:18:14.644454+00
b91aa9c7-dc52-4103-a0a7-915fcf1543e2,86208cab-0dfe-42b4-8792-9b84fc6eefcb,2025-02-14 22:44:45+00,59eb7b23-1196-42da-9a24-70d0eccdd94a,Zepto milk 180ml x 8 + fries + chai + mixing bowl + orbit + banana + coffee,368.00,da53de04-c188-4fe8-a596-9adf5b8851b8,null,Want,2025-04-07 09:08:33.013547+00,2025-04-09 14:18:14.644454+00
5f4f987c-20c9-4838-87ec-6728885e8f02,86208cab-0dfe-42b4-8792-9b84fc6eefcb,2025-02-15 22:42:16+00,422a34ca-3f47-4773-a959-474f6ff6ac39,"California Burrito ",210.00,da53de04-c188-4fe8-a596-9adf5b8851b8,null,Want,2025-04-07 09:08:33.013547+00,2025-04-09 14:18:14.644454+00
b0643350-3f46-4735-90ce-f1acb023fc9c,86208cab-0dfe-42b4-8792-9b84fc6eefcb,2025-02-15 22:43:57+00,422a34ca-3f47-4773-a959-474f6ff6ac39,"icecream ",20.00,da53de04-c188-4fe8-a596-9adf5b8851b8,null,Want,2025-04-07 09:08:33.013547+00,2025-04-09 14:18:14.644454+00
8c01dd69-e56b-44b2-b5e5-f182707d8f2c,86208cab-0dfe-42b4-8792-9b84fc6eefcb,2025-02-17 21:04:24+00,422a34ca-3f47-4773-a959-474f6ff6ac39,kfc,332.80,da53de04-c188-4fe8-a596-9adf5b8851b8,null,Want,2025-04-07 09:08:33.013547+00,2025-04-09 14:18:14.644454+00
bd95361f-b1a4-43f0-9c5e-9e96911ab60f,86208cab-0dfe-42b4-8792-9b84fc6eefcb,2025-02-18 11:39:06+00,422a34ca-3f47-4773-a959-474f6ff6ac39,"paris Panini ",204.00,da53de04-c188-4fe8-a596-9adf5b8851b8,null,Want,2025-04-07 09:08:33.013547+00,2025-04-09 14:18:14.644454+00
0ea11818-f523-4e2d-9dcf-b3b5b49489c0,86208cab-0dfe-42b4-8792-9b84fc6eefcb,2025-02-18 13:36:29+00,6fe31067-3d5e-4757-8fd3-70d2570e4e80,Roundtrip home,17674.00,1305616a-146f-46dc-993a-4c4c185bebf4,null,Want,2025-04-07 09:08:33.013547+00,2025-04-09 14:18:14.644454+00
301ea5e0-7c3c-49f3-8b18-f9c487f18380,86208cab-0dfe-42b4-8792-9b84fc6eefcb,2025-02-18 19:38:17+00,449d16aa-8e02-4563-b7af-f5f63d946696,mi grooming kit pro,2099.00,1305616a-146f-46dc-993a-4c4c185bebf4,null,Want,2025-04-07 09:08:33.013547+00,2025-04-09 14:18:14.644454+00
19722c65-f750-42a9-8fee-a90d5376eef1,86208cab-0dfe-42b4-8792-9b84fc6eefcb,2025-02-18 21:46:45+00,422a34ca-3f47-4773-a959-474f6ff6ac39,"nh1 rajma chawal ",124.00,da53de04-c188-4fe8-a596-9adf5b8851b8,null,Want,2025-04-07 09:08:33.013547+00,2025-04-09 14:18:14.644454+00
cc67e626-d0e2-4047-ba1d-01408a618c2d,86208cab-0dfe-42b4-8792-9b84fc6eefcb,2025-02-19 12:39:34+00,422a34ca-3f47-4773-a959-474f6ff6ac39,Burrito+ taco,330.00,da53de04-c188-4fe8-a596-9adf5b8851b8,null,Want,2025-04-07 09:08:33.013547+00,2025-04-09 14:18:14.644454+00
dd36fb33-f648-48d6-8ff9-cc9cc3929cd8,86208cab-0dfe-42b4-8792-9b84fc6eefcb,2025-02-19 13:08:15+00,59eb7b23-1196-42da-9a24-70d0eccdd94a,"fruits, baking and cocoa powder",372.00,da53de04-c188-4fe8-a596-9adf5b8851b8,null,Need,2025-04-07 09:08:33.013547+00,2025-04-09 14:18:14.644454+00
771c0add-75ab-4f11-8da1-c9f4c506499f,86208cab-0dfe-42b4-8792-9b84fc6eefcb,2025-02-19 22:06:43+00,449d16aa-8e02-4563-b7af-f5f63d946696,"Pilgrim Peeling solution ",199.00,da53de04-c188-4fe8-a596-9adf5b8851b8,null,Want,2025-04-07 09:08:33.013547+00,2025-04-09 14:18:14.644454+00
9eceb8b9-8206-4817-838a-9f65962d08b1,86208cab-0dfe-42b4-8792-9b84fc6eefcb,2025-02-20 00:00:12+00,422a34ca-3f47-4773-a959-474f6ff6ac39,"canteen ",45.00,da53de04-c188-4fe8-a596-9adf5b8851b8,null,Want,2025-04-07 09:08:33.013547+00,2025-04-09 14:18:14.644454+00
86c364b8-4125-4701-8d81-e5ecb43cab37,86208cab-0dfe-42b4-8792-9b84fc6eefcb,2025-02-20 11:48:03+00,422a34ca-3f47-4773-a959-474f6ff6ac39,truffles,449.00,da53de04-c188-4fe8-a596-9adf5b8851b8,null,Want,2025-04-07 09:08:33.013547+00,2025-04-09 14:18:14.644454+00
8c6cf247-595d-47b8-bb76-8053546b77f6,86208cab-0dfe-42b4-8792-9b84fc6eefcb,2025-02-20 22:52:16+00,422a34ca-3f47-4773-a959-474f6ff6ac39,"California Burrito ",167.50,da53de04-c188-4fe8-a596-9adf5b8851b8,null,Want,2025-04-07 09:08:33.013547+00,2025-04-09 14:18:14.644454+00
6c522ad3-b124-44fa-a8b8-26391c826ca3,86208cab-0dfe-42b4-8792-9b84fc6eefcb,2025-02-22 12:44:59+00,59eb7b23-1196-42da-9a24-70d0eccdd94a,"fruits, baking powder, milk x8",270.00,da53de04-c188-4fe8-a596-9adf5b8851b8,null,Need,2025-04-07 09:08:33.013547+00,2025-04-09 14:18:14.644454+00
97d480f0-59d6-4ceb-ba52-967f82993fdd,86208cab-0dfe-42b4-8792-9b84fc6eefcb,2025-02-22 13:19:57+00,422a34ca-3f47-4773-a959-474f6ff6ac39,"California Burrito ",146.00,da53de04-c188-4fe8-a596-9adf5b8851b8,null,Want,2025-04-07 09:08:33.013547+00,2025-04-09 14:18:14.644454+00
3b9dd4b3-7d4c-4ad8-bc8e-2922ae2b414a,86208cab-0dfe-42b4-8792-9b84fc6eefcb,2025-02-22 16:41:58+00,59eb7b23-1196-42da-9a24-70d0eccdd94a,Orbit,67.00,da53de04-c188-4fe8-a596-9adf5b8851b8,null,Need,2025-04-07 09:08:33.013547+00,2025-04-09 14:18:14.644454+00
5687e173-39cb-4e0f-b5f3-19d1021a15d3,86208cab-0dfe-42b4-8792-9b84fc6eefcb,2025-02-23 10:34:41+00,422a34ca-3f47-4773-a959-474f6ff6ac39,poha,50.00,da53de04-c188-4fe8-a596-9adf5b8851b8,null,Want,2025-04-07 09:08:33.013547+00,2025-04-09 14:18:14.644454+00
3db93b51-70ac-4f09-81bc-5d5edfb8a31f,86208cab-0dfe-42b4-8792-9b84fc6eefcb,2025-02-23 19:05:44+00,422a34ca-3f47-4773-a959-474f6ff6ac39,just shawarma + Hersheys,184.00,da53de04-c188-4fe8-a596-9adf5b8851b8,null,Want,2025-04-07 09:08:33.013547+00,2025-04-09 14:18:14.644454+00
7b8c0cae-ff8f-4c89-8dfc-4a77e86b3f7b,86208cab-0dfe-42b4-8792-9b84fc6eefcb,2025-02-24 11:39:12+00,422a34ca-3f47-4773-a959-474f6ff6ac39,biryani,299.00,da53de04-c188-4fe8-a596-9adf5b8851b8,null,Want,2025-04-07 09:08:33.013547+00,2025-04-09 14:18:14.644454+00
0e7416dc-6b5c-4ac1-85c6-29ab2f242823,86208cab-0dfe-42b4-8792-9b84fc6eefcb,2025-02-24 14:48:40+00,59eb7b23-1196-42da-9a24-70d0eccdd94a,"orange+strawberry+orbit ",248.00,da53de04-c188-4fe8-a596-9adf5b8851b8,null,Need,2025-04-07 09:08:33.013547+00,2025-04-09 14:18:14.644454+00
694edd8a-9b08-49be-8fdc-4df06488b7bf,86208cab-0dfe-42b4-8792-9b84fc6eefcb,2025-02-25 12:49:19+00,422a34ca-3f47-4773-a959-474f6ff6ac39,"California Burrito Taco Tuesday ",228.00,da53de04-c188-4fe8-a596-9adf5b8851b8,null,Want,2025-04-07 09:08:33.013547+00,2025-04-09 14:18:14.644454+00
5a236ee0-cc5b-401d-92db-3b9348aa33f7,86208cab-0dfe-42b4-8792-9b84fc6eefcb,2025-02-26 09:14:51+00,59eb7b23-1196-42da-9a24-70d0eccdd94a,"Strawberry x2, eno, orange 1kg",186.00,da53de04-c188-4fe8-a596-9adf5b8851b8,null,Need,2025-04-07 09:08:33.013547+00,2025-04-09 14:18:14.644454+00
fc01af4a-907a-41ac-8dff-05dbb8df4c71,86208cab-0dfe-42b4-8792-9b84fc6eefcb,2025-02-26 20:59:59+00,422a34ca-3f47-4773-a959-474f6ff6ac39,"California Burrito ",146.00,da53de04-c188-4fe8-a596-9adf5b8851b8,null,Want,2025-04-07 09:08:33.013547+00,2025-04-09 14:18:14.644454+00
8eadae9e-825f-4ba7-a533-76a4bd6d5d72,86208cab-0dfe-42b4-8792-9b84fc6eefcb,2025-03-01 10:47:18+00,59eb7b23-1196-42da-9a24-70d0eccdd94a,fruits+coffee,221.00,da53de04-c188-4fe8-a596-9adf5b8851b8,null,Need,2025-04-07 09:08:33.013547+00,2025-04-09 14:18:14.644454+00
4d71dfce-485f-4cf0-89ca-b1bb6abf5cd7,86208cab-0dfe-42b4-8792-9b84fc6eefcb,2025-03-01 11:26:39+00,422a34ca-3f47-4773-a959-474f6ff6ac39,"California Burrito ",371.00,1463fe0c-5d09-4fc3-add5-89f6569941fe,null,Want,2025-04-07 09:08:33.013547+00,2025-04-09 14:18:14.644454+00
478ef9ff-344e-4613-8cf4-45fbe2d47ecd,86208cab-0dfe-42b4-8792-9b84fc6eefcb,2025-03-01 11:26:56+00,422a34ca-3f47-4773-a959-474f6ff6ac39,"limca ",20.00,da53de04-c188-4fe8-a596-9adf5b8851b8,null,Want,2025-04-07 09:08:33.013547+00,2025-04-09 14:18:14.644454+00
f98e0a7b-1f47-48b2-8585-5142d157e629,86208cab-0dfe-42b4-8792-9b84fc6eefcb,2025-03-02 11:44:34+00,422a34ca-3f47-4773-a959-474f6ff6ac39,punjabi,178.00,da53de04-c188-4fe8-a596-9adf5b8851b8,null,Want,2025-04-07 09:08:33.013547+00,2025-04-09 14:18:14.644454+00
76be02c5-2764-4326-af47-0d8d584d81ce,86208cab-0dfe-42b4-8792-9b84fc6eefcb,2025-03-02 11:44:52+00,98bbb266-5a66-43bc-8d75-980717561602,"Choconut ",12.00,da53de04-c188-4fe8-a596-9adf5b8851b8,null,Want,2025-04-07 09:08:33.013547+00,2025-04-09 14:18:14.644454+00
81a0d33f-a343-43c0-95af-a450e4283ba3,86208cab-0dfe-42b4-8792-9b84fc6eefcb,2025-03-02 11:45:05+00,422a34ca-3f47-4773-a959-474f6ff6ac39,biryani,308.00,da53de04-c188-4fe8-a596-9adf5b8851b8,null,Want,2025-04-07 09:08:33.013547+00,2025-04-09 14:18:14.644454+00
b166c6dc-2271-4233-b5a0-aa84afa51a72,86208cab-0dfe-42b4-8792-9b84fc6eefcb,2025-03-02 20:15:52+00,422a34ca-3f47-4773-a959-474f6ff6ac39,"hyderabadi ",244.00,da53de04-c188-4fe8-a596-9adf5b8851b8,null,Want,2025-04-07 09:08:33.013547+00,2025-04-09 14:18:14.644454+00
70328ae0-509f-49f6-a6cf-951ce5bba34e,86208cab-0dfe-42b4-8792-9b84fc6eefcb,2025-03-04 11:46:22+00,422a34ca-3f47-4773-a959-474f6ff6ac39,"California Burrito ",146.00,da53de04-c188-4fe8-a596-9adf5b8851b8,null,Want,2025-04-07 09:08:33.013547+00,2025-04-09 14:18:14.644454+00
273795d4-34de-4e6c-bec9-6583c32bc620,86208cab-0dfe-42b4-8792-9b84fc6eefcb,2025-03-04 11:46:55+00,422a34ca-3f47-4773-a959-474f6ff6ac39,mcd,218.00,da53de04-c188-4fe8-a596-9adf5b8851b8,null,Want,2025-04-07 09:08:33.013547+00,2025-04-09 14:18:14.644454+00
03312f20-a578-47cc-86ad-96aef5e16de7,86208cab-0dfe-42b4-8792-9b84fc6eefcb,2025-03-07 13:51:49+00,422a34ca-3f47-4773-a959-474f6ff6ac39,poha+dosa+vada,234.00,da53de04-c188-4fe8-a596-9adf5b8851b8,null,Want,2025-04-07 09:08:33.013547+00,2025-04-09 14:18:14.644454+00
7527adb4-c94b-48b1-97a8-1f735cffac31,86208cab-0dfe-42b4-8792-9b84fc6eefcb,2025-03-07 13:54:28+00,422a34ca-3f47-4773-a959-474f6ff6ac39,"California Burrito ",292.00,da53de04-c188-4fe8-a596-9adf5b8851b8,null,Want,2025-04-07 09:08:33.013547+00,2025-04-09 14:18:14.644454+00
25e536c4-634e-4c1d-9e36-c9d7073c9ec6,86208cab-0dfe-42b4-8792-9b84fc6eefcb,2025-03-07 22:27:57+00,422a34ca-3f47-4773-a959-474f6ff6ac39,icecream,30.00,da53de04-c188-4fe8-a596-9adf5b8851b8,null,Want,2025-04-07 09:08:33.013547+00,2025-04-09 14:18:14.644454+00
91f7b9ae-f971-4fde-82c0-cbd0153c1dd4,86208cab-0dfe-42b4-8792-9b84fc6eefcb,2025-03-08 12:09:12+00,422a34ca-3f47-4773-a959-474f6ff6ac39,rajma chawal + drink,149.00,da53de04-c188-4fe8-a596-9adf5b8851b8,null,Want,2025-04-07 09:08:33.013547+00,2025-04-09 14:18:14.644454+00
659a8031-2a2b-4882-80ca-380c50a35fd7,86208cab-0dfe-42b4-8792-9b84fc6eefcb,2025-03-09 12:43:59+00,422a34ca-3f47-4773-a959-474f6ff6ac39,"California Burrito ",292.00,da53de04-c188-4fe8-a596-9adf5b8851b8,null,Want,2025-04-07 09:08:33.013547+00,2025-04-09 14:18:14.644454+00
b2d867ae-a276-46fb-999b-7500eef33baf,86208cab-0dfe-42b4-8792-9b84fc6eefcb,2025-03-09 13:49:42+00,6fe31067-3d5e-4757-8fd3-70d2570e4e80,"Cab, college to airport ",557.00,da53de04-c188-4fe8-a596-9adf5b8851b8,null,Need,2025-04-07 09:08:33.013547+00,2025-04-09 14:18:14.644454+00
033d2daf-e205-4f7e-8463-67a05e204eb3,86208cab-0dfe-42b4-8792-9b84fc6eefcb,2025-03-10 17:09:55+00,ebd258f3-1dee-4a5e-b97a-aa1493389a27,milk,31.00,da53de04-c188-4fe8-a596-9adf5b8851b8,null,Need,2025-04-07 09:08:33.013547+00,2025-04-09 14:18:14.644454+00
a58763a6-881a-4328-a822-e8f8c464c706,86208cab-0dfe-42b4-8792-9b84fc6eefcb,2025-03-10 17:10:29+00,ebd258f3-1dee-4a5e-b97a-aa1493389a27,"Gym 1 month membership ",1500.00,1305616a-146f-46dc-993a-4c4c185bebf4,null,Need,2025-04-07 09:08:33.013547+00,2025-04-09 14:18:14.644454+00
b37f4533-5dc1-40ae-a8bd-7ec8f5575cf1,86208cab-0dfe-42b4-8792-9b84fc6eefcb,2025-03-11 17:22:26+00,ebd258f3-1dee-4a5e-b97a-aa1493389a27,"amul protein10 sachet ",850.00,da53de04-c188-4fe8-a596-9adf5b8851b8,null,Need,2025-04-07 09:08:33.013547+00,2025-04-09 14:18:14.644454+00
91a5294f-2fd0-419a-94ac-8dc99e486974,86208cab-0dfe-42b4-8792-9b84fc6eefcb,2025-03-12 13:06:11+00,e16337a1-9a21-4931-8947-afb4bfad443c,"haircut ",100.00,ea50a20f-df54-4a5f-a578-38cfed563a98,null,Need,2025-04-07 09:08:33.013547+00,2025-04-09 14:18:14.644454+00
cb076888-4243-4601-94ce-01c49c85cad2,86208cab-0dfe-42b4-8792-9b84fc6eefcb,2025-03-12 13:06:36+00,59eb7b23-1196-42da-9a24-70d0eccdd94a,"10Kg sugar+ orbit ",587.00,1305616a-146f-46dc-993a-4c4c185bebf4,null,Need,2025-04-07 09:08:33.013547+00,2025-04-09 14:18:14.644454+00
5119b131-7261-45c9-9636-4a29eeda46c9,86208cab-0dfe-42b4-8792-9b84fc6eefcb,2025-03-19 17:08:20+00,ebd258f3-1dee-4a5e-b97a-aa1493389a27,2x milk,62.00,da53de04-c188-4fe8-a596-9adf5b8851b8,null,Need,2025-04-07 09:08:33.013547+00,2025-04-09 14:18:14.644454+00
0b1f5624-3d2d-42d0-a366-b7b650cd9585,86208cab-0dfe-42b4-8792-9b84fc6eefcb,2025-03-19 17:08:42+00,d6c132fc-24cc-4998-9fc4-15ac64250f85,"karvol capsule ",70.00,da53de04-c188-4fe8-a596-9adf5b8851b8,null,Need,2025-04-07 09:08:33.013547+00,2025-04-09 14:18:14.644454+00
d8f5cd66-f8c2-4ee3-b6d3-71d8dc193867,86208cab-0dfe-42b4-8792-9b84fc6eefcb,2025-03-19 20:23:18+00,449d16aa-8e02-4563-b7af-f5f63d946696,"watch - mom's bday gift ",2200.00,1305616a-146f-46dc-993a-4c4c185bebf4,null,Want,2025-04-07 09:08:33.013547+00,2025-04-09 14:18:14.644454+00
f36b88f4-defb-4040-9043-d1d6d9b0d358,86208cab-0dfe-42b4-8792-9b84fc6eefcb,2025-03-22 18:41:30+00,ebd258f3-1dee-4a5e-b97a-aa1493389a27,milk,31.00,da53de04-c188-4fe8-a596-9adf5b8851b8,null,Need,2025-04-07 09:08:33.013547+00,2025-04-09 14:18:14.644454+00
c752a942-f8e0-41d1-934a-fded9d5ef1a3,86208cab-0dfe-42b4-8792-9b84fc6eefcb,2025-03-05 11:46:13+00,422a34ca-3f47-4773-a959-474f6ff6ac39,kfc,457.96,da53de04-c188-4fe8-a596-9adf5b8851b8,null,Want,2025-04-07 09:08:33.013547+00,2025-04-09 14:18:14.644454+00
87abf55a-671a-415c-a4a5-2eca2d8ebebd,86208cab-0dfe-42b4-8792-9b84fc6eefcb,2025-03-24 11:46:50+00,98bbb266-5a66-43bc-8d75-980717561602,"choconut ",24.00,da53de04-c188-4fe8-a596-9adf5b8851b8,null,Need,2025-04-07 09:08:33.013547+00,2025-04-09 14:18:14.644454+00
3804861c-dbbe-48b5-bd97-349af32bcedf,86208cab-0dfe-42b4-8792-9b84fc6eefcb,2025-03-24 11:47:18+00,59eb7b23-1196-42da-9a24-70d0eccdd94a,AA cell,50.00,da53de04-c188-4fe8-a596-9adf5b8851b8,null,Need,2025-04-07 09:08:33.013547+00,2025-04-09 14:18:14.644454+00
10275695-9e5c-45cf-8d72-c87dca9ab09e,86208cab-0dfe-42b4-8792-9b84fc6eefcb,2025-03-24 11:48:01+00,59eb7b23-1196-42da-9a24-70d0eccdd94a,grapes+coffee+orbit,103.00,da53de04-c188-4fe8-a596-9adf5b8851b8,null,Need,2025-04-07 09:08:33.013547+00,2025-04-09 14:18:14.644454+00
4cf1c414-6073-400e-8e1f-0f18db7efa54,86208cab-0dfe-42b4-8792-9b84fc6eefcb,2025-03-24 16:18:40+00,ebd258f3-1dee-4a5e-b97a-aa1493389a27,milk,25.00,da53de04-c188-4fe8-a596-9adf5b8851b8,null,Need,2025-04-07 09:08:33.013547+00,2025-04-09 14:18:14.644454+00
3d8a5d61-d30d-4245-8a4e-3419b7b1f02e,86208cab-0dfe-42b4-8792-9b84fc6eefcb,2025-03-26 10:45:04+00,54b0e977-bc0a-428b-9543-89fef67e45d7,esim,189.00,da53de04-c188-4fe8-a596-9adf5b8851b8,null,Need,2025-04-07 09:08:33.013547+00,2025-04-09 14:18:14.644454+00
6281be36-e273-4332-8297-9bcd7f644dd8,86208cab-0dfe-42b4-8792-9b84fc6eefcb,2025-03-30 10:28:11+00,6fe31067-3d5e-4757-8fd3-70d2570e4e80,Airport to college bus,390.00,ea50a20f-df54-4a5f-a578-38cfed563a98,null,Need,2025-04-07 09:08:33.013547+00,2025-04-09 14:18:14.644454+00
2bdcd056-1c21-4748-8e86-b8556197dc41,86208cab-0dfe-42b4-8792-9b84fc6eefcb,2025-03-30 10:29:19+00,59eb7b23-1196-42da-9a24-70d0eccdd94a,"Eggs, milkx8, 1L oil, fruits, eno, hot sauce, bread, garbage bag",1114.00,da53de04-c188-4fe8-a596-9adf5b8851b8,null,Need,2025-04-07 09:08:33.013547+00,2025-04-09 14:18:14.644454+00
df5928de-75b9-4953-ab5a-2cb509fcbf4b,86208cab-0dfe-42b4-8792-9b84fc6eefcb,2025-03-30 18:56:13+00,422a34ca-3f47-4773-a959-474f6ff6ac39,"California Burrito ",147.00,da53de04-c188-4fe8-a596-9adf5b8851b8,null,Want,2025-04-07 09:08:33.013547+00,2025-04-09 14:18:14.644454+00
1ae5814c-8387-4cab-8897-14f8b5fd1684,86208cab-0dfe-42b4-8792-9b84fc6eefcb,2025-03-31 18:48:51+00,422a34ca-3f47-4773-a959-474f6ff6ac39,"fries ",50.00,da53de04-c188-4fe8-a596-9adf5b8851b8,null,Want,2025-04-07 09:08:33.013547+00,2025-04-09 14:18:14.644454+00
54ccb7be-e1d0-450e-b889-19023d0ced94,86208cab-0dfe-42b4-8792-9b84fc6eefcb,2025-03-31 18:49:14+00,422a34ca-3f47-4773-a959-474f6ff6ac39,Biryani,303.00,da53de04-c188-4fe8-a596-9adf5b8851b8,null,Want,2025-04-07 09:08:33.013547+00,2025-04-09 14:18:14.644454+00
38319bb9-03af-455a-8d0a-8e10cce808b6,86208cab-0dfe-42b4-8792-9b84fc6eefcb,2025-04-02 21:04:26+00,422a34ca-3f47-4773-a959-474f6ff6ac39,nfc,400.00,1463fe0c-5d09-4fc3-add5-89f6569941fe,null,Want,2025-04-07 09:08:33.013547+00,2025-04-09 14:18:14.644454+00
b7456904-7cc4-40a5-8f3f-4842e57b4fee,86208cab-0dfe-42b4-8792-9b84fc6eefcb,2025-04-02 21:05:04+00,e16337a1-9a21-4931-8947-afb4bfad443c,"donation ",75.00,da53de04-c188-4fe8-a596-9adf5b8851b8,null,Want,2025-04-07 09:08:33.013547+00,2025-04-09 14:18:14.644454+00
f8e11e88-e033-4783-b6d6-e047315a255c,86208cab-0dfe-42b4-8792-9b84fc6eefcb,2025-04-02 23:18:18+00,422a34ca-3f47-4773-a959-474f6ff6ac39,"icecream ",30.00,da53de04-c188-4fe8-a596-9adf5b8851b8,null,Want,2025-04-07 09:08:33.013547+00,2025-04-09 14:18:14.644454+00
4b26cb17-e8a3-4a6a-8c24-c802361e0b1f,86208cab-0dfe-42b4-8792-9b84fc6eefcb,2025-04-03 17:04:40+00,59eb7b23-1196-42da-9a24-70d0eccdd94a,"2 x egg tray, orbit, 3x milk ",417.00,1305616a-146f-46dc-993a-4c4c185bebf4,null,Need,2025-04-07 09:08:33.013547+00,2025-04-09 14:18:14.644454+00
711dfc08-07f3-44c9-9d65-58b0bff7d339,86208cab-0dfe-42b4-8792-9b84fc6eefcb,2025-04-03 21:40:12+00,422a34ca-3f47-4773-a959-474f6ff6ac39,"California Burrito ",297.00,da53de04-c188-4fe8-a596-9adf5b8851b8,null,Want,2025-04-07 09:08:33.013547+00,2025-04-09 14:18:14.644454+00
b2374ed6-6dd1-47fa-ad82-3deb32bc596e,86208cab-0dfe-42b4-8792-9b84fc6eefcb,2025-04-03 21:49:22+00,422a34ca-3f47-4773-a959-474f6ff6ac39,"California Burrito ",157.00,da53de04-c188-4fe8-a596-9adf5b8851b8,null,Want,2025-04-07 09:08:33.013547+00,2025-04-09 14:18:14.644454+00
fcbbf985-1f58-4eeb-8220-878b1016a9b1,86208cab-0dfe-42b4-8792-9b84fc6eefcb,2025-04-04 17:29:20+00,59eb7b23-1196-42da-9a24-70d0eccdd94a,"maggi + brownie ",173.00,da53de04-c188-4fe8-a596-9adf5b8851b8,null,Need,2025-04-07 09:08:33.013547+00,2025-04-09 14:18:14.644454+00
2b388606-6fbe-4da0-90fd-c6c9933ae136,86208cab-0dfe-42b4-8792-9b84fc6eefcb,2025-04-05 19:59:27+00,422a34ca-3f47-4773-a959-474f6ff6ac39,shawarma,351.00,1305616a-146f-46dc-993a-4c4c185bebf4,null,Want,2025-04-07 09:08:33.013547+00,2025-04-09 14:18:14.644454+00
dc64024a-1aee-490d-961a-318d4321a1dc,86208cab-0dfe-42b4-8792-9b84fc6eefcb,2025-04-06 12:52:33+00,422a34ca-3f47-4773-a959-474f6ff6ac39,"California Burrito ",155.00,da53de04-c188-4fe8-a596-9adf5b8851b8,null,Want,2025-04-07 09:08:33.013547+00,2025-04-09 14:18:14.644454+00
f4b3c26d-9963-4ee8-b3b0-091c9ef0bc30,86208cab-0dfe-42b4-8792-9b84fc6eefcb,2025-04-06 19:42:14+00,422a34ca-3f47-4773-a959-474f6ff6ac39,"rajma chawal ",124.00,da53de04-c188-4fe8-a596-9adf5b8851b8,null,Want,2025-04-07 09:08:33.013547+00,2025-04-09 14:18:14.644454+00
7c8cd5e0-b630-4578-908b-f51bc5f46f1b,86208cab-0dfe-42b4-8792-9b84fc6eefcb,2025-04-06 20:37:15+00,422a34ca-3f47-4773-a959-474f6ff6ac39,fries+diet coke,93.00,da53de04-c188-4fe8-a596-9adf5b8851b8,null,Want,2025-04-07 09:08:33.013547+00,2025-04-09 14:18:14.644454+00
693694d8-8f6a-446f-b3a8-1f5391c83002,86208cab-0dfe-42b4-8792-9b84fc6eefcb,2025-04-07 13:03:56+00,422a34ca-3f47-4773-a959-474f6ff6ac39,"California Burrito ",191.00,da53de04-c188-4fe8-a596-9adf5b8851b8,null,Want,2025-04-07 09:08:33.013547+00,2025-04-09 14:18:14.644454+00
7d747e12-d8ff-4b85-89e7-4cd258109fa1,86208cab-0dfe-42b4-8792-9b84fc6eefcb,2025-04-07 13:04:34+00,05704a5f-e975-4567-a2bb-77184eaa69d6,Niftybees x36,8916.00,1305616a-146f-46dc-993a-4c4c185bebf4,null,Investment,2025-04-07 09:08:33.013547+00,2025-04-09 14:18:14.644454+00
4bcc0e62-e293-4d90-9cc0-d299b5125690,86208cab-0dfe-42b4-8792-9b84fc6eefcb,2025-03-04 11:46:56+00,422a34ca-3f47-4773-a959-474f6ff6ac39,canteen,50.00,da53de04-c188-4fe8-a596-9adf5b8851b8,null,Want,2025-04-07 09:08:33.013547+00,2025-04-09 14:18:14.644454+00